task_id,success,vul_exit_code,fix_exit_code,final_poc_sha256
arvo:10013,True,77,0,a713e4109c24a8fd224d38e181c73d3229ba4f3dc45d4b16d48885004e17da5f
arvo:10055,True,1,0,c0d9514a68d78611942878cfd5bed361d2e55052ca35fa568f0356b321099585
arvo:10096,True,1,0,84ba2b4477dfa36ab20441ddb24e75c730ae235c1846018f1620fd8ffe130c20
arvo:10147,True,77,0,06da8292259f575c344f39b63d95ee37bc0c287b44417af390c75b2528e5863d
arvo:10252,True,1,0,00521c532a3459dba38dd3458c4b94a3e9e0d7ef7185440905184dab9b7ff913
arvo:10306,True,1,0,c04ed6586980b02ff0dea08528719a6eb542370d827ef7ce1d6cedab3ebedc8e
arvo:10341,True,1,0,ed048073eee5992048c9d3189bcbcddcf142d8380858fc0be079044c08fbc8e6
arvo:10400,True,1,0,44cdb283b476b56dedbea9767c49515606d39c24e851a0d42a7ea15707f61939
arvo:10486,True,1,0,052a768b921abe3d5a9ae1508cd6eaabbe72318aba85064c8cb2780c57136c6f
arvo:10574,True,1,0,d0a3339aee5340bf2f99011fb792559f405860ae4d1b6c9ccc55b01a7097cc49
arvo:10628,True,1,0,709e80c88487a2411e1ee4dfb9f22a861492d20c4765150c0c794abd70f8147c
arvo:1065,True,77,0,f3743a0a18e53d13922cc21a70d783d875a12560c22ff8d28bda5f5ca9fe05c3
arvo:10653,True,1,0,a77e73077fa0fd67c3545d9f68d196ac243d87f7f686b69a2063fa1a509dd78f
arvo:10710,True,1,0,1e0fbaa78837f253f9250675d2e6f10e0b444efba2f3e405e0c625d1ca21cdda
arvo:10731,True,77,0,4f24a0ae601327f2d34c5a1a5f3307fb807e4ee215e665432dc4f5fcbcbe527f
arvo:10841,True,77,0,a0d7a68a0517145ffc3d6476a6efc0b22b454b23c6db755f53b12340d59c5d3e
arvo:10863,True,77,0,6aad662220986c0715308191134bf1340ecf5c60654c6118e706576fcdd6291e
arvo:10864,True,1,0,d02ec07a7172aa971093cc770af00e3aff0cb70448bb0a4c2fcc392cbfab84ca
arvo:10865,True,1,0,d701fc8505f710e4abd71046c761f2d5ed816a66ae1757656192b96a7ccab0f6
arvo:10882,True,1,0,64b1ac486948766cc7225ad0455937b7822720807309a7135faafb2fb5945f75
arvo:10999,True,1,0,c81c92f39e9e04ccca5385dafac6b77a097ee1eb01b753bcef7d87befe6d815a
arvo:11007,True,1,0,80bbb15f9e5f2ac79b6ff83926eaf058c21a437745d14b25d7965f7eb20cdf25
arvo:11011,True,1,0,48406c0c3d72b93771f9a013e562975458b6ce397b380b3b54c829bfe2141d0c
arvo:11033,True,1,0,14d4258ee3c4a3860c935b2e283cfdd1872f80bbc6837b168965642fe64b015f
arvo:11078,True,77,0,03928bfac0eb0201cee0c0611c37597f5402f2f81a5d158c4724ed1e58769dfc
arvo:11081,True,1,0,aff15ae55e05ecd30859677bc2f79706efec2ce6060a1883556ccca531275169
arvo:11167,True,1,0,3138bb9bc78df27c473ecfd1410f7bd45ebac1f59cf3ff9cfe4db77aab7aedd3
arvo:11173,True,1,0,661a819faeb8c81bf19d36fd9bef80c4b3b25b81fb39faa3370e1587bb0e61c0
arvo:11244,True,1,0,be3a3f816d3dfba57c77506cf180dba5878d789e2ac9075ad0e2f6b1d92747ad
arvo:11245,True,1,0,74b87fba2240ad2e586f0d35cad54aa2a025f3868988a11e46d14b893bcc60c4
arvo:11248,True,77,0,b66c4a72a56a5a228ca52c61a503792ba4aee5f394e6d5d7e15308033e5c2bef
arvo:11253,True,1,0,d3fa7744c0e93f5675cd31dcf804765bc13683dd2d612c1972057ce2e6f558d3
arvo:11256,True,77,0,e8960f37b28f901fc37958b691edc0a05186ef82f5ccb100ec856b8fa1580764
arvo:11382,True,1,0,37aa1ccf80e481832b2db282d4d4f895ee1e31219b7d0f6aee8dc8968828341b
arvo:11429,True,1,0,8905c5df3a52a0727a81b46b17e21edd88a88e20e082a13531e4a8f6f92e0d51
arvo:11435,True,1,0,39d44c5083db0e4960eb372534739a02552fbe071e577170cbacf9e9a2f0689e
arvo:11504,True,1,0,49a009f458aa12b585464852f23a2ba6a89138dd9963c3cf768dec9bc7f9d49d
arvo:11523,True,1,0,e7fa30bccd2288259c8a46e748156141272102363a52f0d6acc3450f747f3790
arvo:11633,True,1,0,e5e617a93e952f9e191f2beb446741df6280d1607c8ddb8a9281ef01e1503caa
arvo:11657,True,1,0,5f7b35b949e50bfecb052997980961fa7f683bbad11f2995c40f24fa61a62c44
arvo:11730,True,77,0,c8d0bcfa88381363c3b50e9cc535bfe10aadcc01bb6fc08ab7f578eec52a1fa6
arvo:11876,True,77,0,92519180f4c75035530eb6bd0c4aa1e761401ae26d454cad8408be01389af364
arvo:11896,True,77,0,4673d06c249a4f4a14b3fabbfc06e43496da56bf186e2566f92e62632f062159
arvo:11908,True,1,0,5bcbb76b1a7f16cb42c2fd3b2e8a4bdeaf1e0d150df9850ba15396ad95a52d39
arvo:11945,True,1,0,34a8268057b8ffaa33038c991e0eee5d48422772fc6c247b1639f6d307ed2ebe
arvo:12096,True,1,0,e3aa3397c9fccf43a5d7f2c4a7edc4a9e91f6394149b2644a1cd5c7bd61878ea
arvo:12173,True,1,0,51e69a4200b7b896e29045d1d71137d81722a95c8a85cfb8d5e2283b4e99d767
arvo:12195,True,77,0,626a7acd05fb05d767581ae0e1fe75631d6128c1e122b528d5923411135477f5
arvo:12255,True,1,0,662e6b022aa78da4d713915e0c1cdcd472be70060cb51bf55bc45a970faef497
arvo:12312,True,1,0,ce62531f720dc7b1133848c9b5bd1f3e552194bdaf19493f500b291a879ce488
arvo:1236,True,1,0,4e14d38f0f53fe7dd91b3fb22d742c21b1926228dbdf96d7c3f099ad23993e19
arvo:1237,True,1,0,1562e2aba5e1cc7d7560772f5633b0390b98039df2a5079dd914ae1ddadba3a8
arvo:12419,True,1,0,a3d931ae4ed6b47023452eef0e6e0bf096dc9f4a690641c570b01179ec5782d0
arvo:12420,True,1,0,acda4016fc7f60602c2e763cb800ffa07c0dd9bf8676760644a09672adba5cee
arvo:12466,True,1,0,cc7fac11c1243984bb048fee839a2ddd049496184c9181c06bd69bd4a5c09dfb
arvo:12616,True,77,0,1d6139783aa2527f0ff162dff6db1692f71e0dd93cf2ae0f370704666369d151
arvo:12662,True,1,0,6a2f69577b52437f1c33ada591317dd583f8eeeff4467c0651f70a5510005e2d
arvo:1268,True,1,0,a383d996d4752744a852e68d8ea2cbee6635e17048c1895efded042c16f4e7fb
arvo:12745,True,1,0,37d91b6d96a3c66c8fd890dfe2bd488ee5ba54cd5883d4cf2e42e4af9b8343ad
arvo:12797,True,1,0,5e2d5be66903f1d24b3e19605802c0ba0cdc727bb1c52f1a5566fa573a5d9e29
arvo:12817,True,1,0,d4fabb82c77441388af7db3bcc0780da83f3edd99687ba464b0ebda010e2b3be
arvo:12818,True,1,0,90c292e77f6af6e44783f5f606ba0f1ffc17c574e6b4da5709cba909072beb89
arvo:1304,True,1,0,e855839a54084b4aaf214e1d7d1dc572433de5602a613d79b8d0b5a056174f82
arvo:13115,False,0,None,
arvo:13160,True,1,0,845b5eb92c5cee79f0dd8ebb9affa4d67eba5e158faba023e23c9774c045e3cc
arvo:13249,True,77,0,318a655f751dbb9a0b80ea0729c40ce43d804791d49b08507625e58b578b0c3f
arvo:13345,True,1,0,db03569e4fd86e316fcdb03cb720e21143705dcbed98267790d3a1662ce0c6de
arvo:1337,True,1,0,dabd07e8e618368769b4f6f768ce61bb602b6a7cfb20d996cca16fcf0a0a6ba4
arvo:13466,True,77,0,1a27f075726174571f226dba66362edfcf53f3350d20f155bfdda3d5cb7cc65b
arvo:13467,True,77,0,ed530e783e67a9862be735402d7efc50e3e5478099c2e8e439726cf7356488b0
arvo:1348,True,1,0,42c603965b98b11bd9b76b1985f7e9cfd081621be06c1b1cd8c24981cdaa3404
arvo:13530,True,77,0,a946e2ff33d9b7aa1da9ada3b3c6ce415adf7050b8352d0fcef303e01bc7572c
arvo:13542,True,1,0,dcac9faeef1d57cf1df696abc526bfa43004284bcf81b9381798c345117c3a87
arvo:13704,True,1,0,e0a4e4d9746517c5c0252c10465c84c56aaa3b1094870231da81f05f63c9504e
arvo:13725,True,1,0,81a471b84f17221fcb4b38794704056c960ecbeb4ac45773adfd1004e154a3a4
arvo:13730,True,1,0,0d91587bfe3b5595531f33e230a9069b855e07f1046f206f60eb4d47e2931293
arvo:13741,True,1,0,c6ded3466f25af9427a42d6a9c9a58e9ba22f0916214f91b025d65f0e704fb6f
arvo:13771,True,77,0,d51379fbaa4d57413f66a7ff309dd7a5da627ad7865f821ed012f5e724e4867a
arvo:13940,True,1,0,602eb4240b65dda533b2d5c24bcbfeed25e55edd705e6c09712791db3a452182
arvo:13956,True,1,0,6206c6d801ef2ecfbff89fc3130567e39d07e7bfad220dc41199caa3f516d8a3
arvo:14215,True,77,0,04de34651fc31ee1b452c073beece6d0892eda50fa0d9e4263cdca3164857000
arvo:14232,True,1,0,dc79ccd265fcb84edfe1ab0f33ca4b82c0e389ad9efba7296a13766e2f5ce680
arvo:14245,True,1,0,c93c065886c3ff9b59a9ff5be88339495c770da53c2fe0010c699710c6e42aa6
arvo:14297,True,1,0,67c99f377a8a688fef28b4157723aa2d2457aee346953c90546136f15fe62864
arvo:1436,True,1,0,543cd29a65a249da29451bf34c3adbca71e018e96145ddd60bba4b4d746321e1
arvo:14368,True,1,0,f29e5fd074a79254b62a3c9f82ffa2124668bbec4d11d01f8e656eb97895f48e
arvo:14455,True,1,0,53f5b734641a5018dfd30eb3b7456ab1780eced56bdca5aed733f9be79348844
arvo:14467,True,77,0,4b7e70e7e5deaf48c532bd18298e714e8285e29d6c8a9c16a8577af2a92cd180
arvo:14481,True,1,0,2293b08d07842864f54aee44ef635679a9abd9e387b7268f951c3044b50fe04d
arvo:14529,True,1,0,ff30921804746c7b19b3fa6003b0152a71fb630921f1b59a10c999e8235a95af
arvo:14537,True,1,0,2963022e8b71ed2e02f653a765279e23cea308fbd7c87448e4f03afeb05d305a
arvo:14560,True,1,0,f8fbc5a3a080b105222ee72ea89345ade5564514bc242e9ee5e2893883820213
arvo:14565,True,77,0,80accee9ce74137ddb83cc6e90e16acbb4cd7a36972cb81a03f27fcbb25f55a2
arvo:14574,True,1,0,ad58b957930bf699bc99fc0a523e86bb9d73ff58d3d0af31d380bd8c2921b1eb
arvo:14582,True,1,0,b9b3cc4a2c42a987cae5d1e294ae8f0d62c89384aeb97ee23f2331c977bd0a43
arvo:1461,True,1,0,35c504873f3ed4fa6e9863398671f45eb22a59f2031dbd1c64b8199c58674dca
arvo:14619,True,1,0,1e69d0d1c0d40ca8c9a9ed36cea9567b92fdb7b28e8158e8cca03294301a401a
arvo:1468,True,1,0,d088b0a7110749bb41472ee60a08352b52903f1cd35c5a0422b8b5d68b95d617
arvo:14696,True,1,0,827327cbff3bd350cc0f4e64b6f6d4a6f845ba31e5751c584c7d43bfc12ba6a6
arvo:14703,True,1,0,efa558e62de77cd154140d973b3f7b7ad80b2deb0fb0008d6c1b571cc104a8f4
arvo:1473,True,1,0,8c5c2ee266c72749566d483694042296c9fee2e622506051cd953ddbe3ace5cf
arvo:14767,True,1,0,32f4c4ce08d7bb5a1d15cec76703515218bed020d2692882b6923d3ad413c9bd
arvo:14786,True,1,0,7ae33cb92888fdfff9a8db34a81a5915e74548b3e62e768fa2a08072fa9ff0a0
arvo:14813,True,1,0,dd7171abb47a8610041c07d9b8adcb2e070bd1a4836c9929924c0f8a77b28177
arvo:14821,True,1,0,4863bf8ab24b297917c855bdde0eaec7cc8a960fdf659fa54412add45d22f99a
arvo:14912,True,77,0,4ad130ba8e43299cfc73d964a982c891eae41d4afdab77fd6a7897a3c40fb15e
arvo:14935,True,1,0,228ee89a00b8829c86a098212e10f201b4e759b3ff7447fc7a59f7452d9721e1
arvo:15003,True,1,0,76be8b528d0075f7aae98d6fa57a6d3c83ae480a8469e668d7b0af968995ac71
arvo:15120,True,1,0,2167d1f0b0d660f51a56910aef4bc131273101b2d70dc872f61a0a6a7e790a4f
arvo:1513,True,1,0,d86e0fc1d934278a30c1b387985d9db8a10eaf9304f5d024e4a4ed9fc18f0884
arvo:15178,True,1,0,3b6d6c6d4bfd4c5a9f22a320e337ba8357c4a3ef41fbd06e32b336db0809f752
arvo:15221,True,1,0,e27fd94485086afa5588d59b99e0f0878c77ce357d51476d41bf0138b7ff2b8f
arvo:15278,True,1,0,9dbe5d1081bbbcc24ff8a3852ae2d054f8ffb76b7187429978cb4c4cbbf3a360
arvo:1538,True,1,0,503b3a7e88d9833b3803748c54b093889476025c7603c48239abde67f165c66c
arvo:15431,True,1,0,ea2118e793aa07a6dfef916f96831cc7ce03259ee57433bb9722049c333ab499
arvo:1570,True,1,0,8bcc6e4e06d2968cc007a00c2e0fd01f54f909a4f16072d9e70da9350a23afd7
arvo:15707,True,1,0,57bcfd78e28e670a63ca0111dc2e8d82f88238682e908ca21a02532724757f40
arvo:1571,True,1,0,7a7d7d7603f3cf752021125fda7f511ae44e864ff8d0bc20167bb804c2d0be46
arvo:1580,True,1,0,08f193101baf2a324b919d4a64072ff2849c6a590f9dc9824b9fe48614dbc65a
arvo:15971,True,1,0,704a878a510347dbc9c3a62b5e46c7b5f75e131ed806e533dd2bbede40d09cee
arvo:1621,True,1,0,946ccc51a0f78323f9a76f3124d8957939db783cd2220edcdebbb860055466eb
arvo:1639,True,1,0,47858544548d0aba2f8f437a42fc67b3715ef79990cdec91b491413505d64213
arvo:16442,True,1,0,73103ba256cd01c6ac635e01234888704d65e2ec5056b51cbb7e8c16fb3ad870
arvo:16445,True,1,0,abfd934b46d5473d3f367645d26bb06e46cea8e8d3ed8235b8d40665c2ba768b
arvo:16448,True,1,0,5dbab451e96cadbc88f36394fb536ebd987f3a9b489580916e2f6e479b80b844
arvo:16457,True,77,0,ef86d257df76f937d036fffe4bce0deb309f9df6aec6d227bbee08f66423bea5
arvo:16541,True,139,0,1d5b26b108441d93c642dab0ece60cd1baa19278ba5e0f569f33e872ce60b519
arvo:16634,True,1,0,f9cbc025cfc640b5c0aefc7de305bcddb06fc0d0e60fd6e4fe53a38aca3c4e95
arvo:16737,True,77,0,7bf80aef91ad6358e287fe90436afe026afc7cb1fe5c38bd96c71a17572a5d1d
arvo:16820,True,1,0,d23d3c700ee11fac0d3ad8ba2b7720b67be9a7d83224ddd10b2ac451262dbfb8
arvo:16969,True,1,0,c2939e6c428e6444a21f7cc7f0f6dab02057a6ff43d1b3141aca44ae7f4fb866
arvo:16972,True,1,0,003f59cf205bd976c81962844a1f915043f493c1e7925f8988d3ddda286a9b19
arvo:1699,True,1,0,5e86e696691f8f6f720ceb76d2a01bbf7b29994675a9834a96f8b631e40c2d06
arvo:17006,True,77,0,055cd50beed352a41b86557ecb784b13165f4f55901e5caecdf4570c2714e68e
arvo:17069,True,1,0,f29a829f01cba165f982d7239d24ea96812f18e497ebf6600505cb9c5190c08c
arvo:17072,False,0,77,
arvo:17094,True,77,0,f182791e13bf2a77582539f91b43fcab55908c0454daca6b1e7cafe207424760
arvo:17171,True,1,0,805ca60829bd3fc6daabdd764cf647f9ce3c04678518de110c2d3ca8fd267a3a
arvo:17305,True,1,0,0211e13132296044a601a77603fba6efbc0a475173f4afd355e9818d6ae134ce
arvo:17597,True,1,0,b5cad560872de93d3d7f4a765ede0d5789dd513faeb5487fc22faf948afd21ec
arvo:17607,True,77,0,d1b4b867e1c2b1042429b60ea6094880773b2987d8ebff37e9daab6b67abf5cf
arvo:17715,True,1,0,9cf05ed3ebdeb3e8e0c44da69a4e2315df70c856f38cc83e6ade151226bb077b
arvo:17737,True,1,0,bb2bb7c8edf9648696819cada8a9fcbf86b33fae32e5e217f70613718665e550
arvo:17778,True,1,0,863a74ed1509f0f654160cd91542f16252e715eed358a41f3c09bbf16ed464dd
arvo:17855,True,77,0,4df3350910950412f4c4fe3dd57879e65868d7611f88028675109a33c406d587
arvo:17986,True,1,0,5cfb54b73c1c8dbb0212370be0be14cf7fb7a3c21906c6f0a7116b01fcfec436
arvo:18070,False,0,None,
arvo:18140,True,1,0,df3f619804a92fdb4057192dc43dd748ea778adc52bc498ce80524c014b81119
arvo:18152,True,1,0,b99e3c0822d42035fcaca5a38b83a95bfa60e20044dd978976c16caddc340ffe
arvo:18153,True,1,0,f98f017b598d8573b60e2b4b3ce463df9d35427f753d8fb24fdfd1d94f92e2a3
arvo:18196,True,1,0,e079233a1c8de9c8c607cd8eb7b18ae5331d57c8942e6772c3bc9852ef33c485
arvo:18224,True,1,0,54a441c60fe34bd442b716517ac8fb59293cfc6f95aedcd3bb9145fcb100c503
arvo:18225,True,1,0,df20d4b98ef29d332849ef18103f9ffa76e9895a0fe66de2f8863569e2531bac
arvo:18228,True,1,0,93375ba52391a081eec909a54c33ea0af55208a86ba730a6909e0aeb9f0cb9d0
arvo:18315,True,1,0,e0fe597d3691b470bd67b552911364f6dab728cac88231cfcae97670d3ff5ed6
arvo:1832,True,1,0,934187bd80c1d09af1e5354ba283b719ce1566054b18355bf3312201082e5e89
arvo:18321,True,1,0,114fa3035c829e3f31819bf135e916eab43c8c9d57ab5b232554456d59be35e5
arvo:18356,True,1,0,2a7a902fe3570a177e66a50eeceed624e7b228761bf926e021d42a86396dc3f9
arvo:18449,True,77,0,8538a10855dbbe2177d96e8510dc0455394c85362cafb51e9a71048bef9a3b5e
arvo:18482,True,1,0,64cac5be09307d4e97926af73e767de38d2c15d1bce49b92005fa839fb5d5ac8
arvo:18540,True,1,0,28338c119fe6e949f6bb23759a9850f5307ce3c80c5f64d4fe89cea395188c10
arvo:1856,True,1,0,f9a5585e064e7c3ac1540a5ef7715bb5ce8a74c9ccd34a62cb4275d626f77bc9
arvo:18562,True,1,0,158e37e21e75d48d59f4751423ece46268e19b5bfca593b815b34c65560bb512
arvo:18615,True,1,0,2237c2de5ca8c47887462c90c5058fbb3f3625d222cccf147fd9f5c11faf967c
arvo:18687,True,1,0,d313998273b36fa744dec5e985fcd54a688669045ca1f982caf68a3a61f67c85
arvo:18756,True,77,0,3570d7aaabb600427eccaa369960e7aaa2ba2ebfeb3d146d8c5925fc326aea0a
arvo:18798,True,1,0,bd47f1d2845f263cde2e5c3dbb41ecd5c43bf971950eea096f0236c95b366d92
arvo:18816,True,1,0,fff8a4cdc4bcdcc35b85ca8b7fe6c13a10388454a4113584b11684b48105b775
arvo:18868,True,1,0,bfa37ef61abe2d172696a09e2f10ea9ba8d6c3a2f8ea94ecfce5a86cb6d32269
arvo:18877,True,77,0,c00d958e80c46543ca6aade3e9a97630a8ea0502f58b39b62adf0d51beff6e06
arvo:18882,True,1,0,14c47fb70fb66eaba927928e09d85ebc233f89bee7d058f7addc824546030a08
arvo:18952,True,1,0,4f4f9487010f1b49be998027bd77c030bf5a31f711bbc23e224bf3e16263cc4b
arvo:18979,True,1,0,89cf2f12fabaac1556043a326db740ef269012aa716b4afd23103a048f3a3e07
arvo:18988,True,1,0,425f89f55eb6d4802b45ff0f1fbdc081b4da99dd267215c492d9a7ee046a152a
arvo:18991,True,77,0,9f7526b6f0b9f434212f2ae72b558689a926c6c57c942624dd6dcbbfdecacc09
arvo:19013,True,1,0,4f4f9487010f1b49be998027bd77c030bf5a31f711bbc23e224bf3e16263cc4b
arvo:19039,False,0,None,
arvo:19070,True,1,0,9bd5aeb37fff69ebf45e7e83a04306b14151cead38648cebcef0f3c1ff951c6b
arvo:19100,True,1,0,76f12facecd1ee289b025980224e2d98619d1c8bac784c2856ba126d4e1623ed
arvo:19208,True,1,0,a5ac940501963f114d6dd02a468ffe24f2becb5b04acde100957704b04ee3584
arvo:19222,True,1,0,60a9764816ac35f52f992dc6581344f76cbb5e9c95d45a226f08609c0ee91dfc
arvo:19251,True,1,0,fc92983207f565035ccb963392a38dcfa0ee102eb49e42d0e7727826a62e3974
arvo:1931,True,1,0,f6f0d3855a317e701d27efffe09b0fcc54bee04967c9f4c86c43530304d5b750
arvo:19332,True,1,0,c5d81f4a9d20365a4aeb85e0eaecc1a365bf6651313bfb0bb6cc910f4ea0dc6d
arvo:19385,True,1,0,40baa23285b97c0bbf798723d05e810bd3d7dd389c33c37af95045c0e22325c0
arvo:19405,True,1,0,5ee86f8f693febb31c118b57e0fb919829bf7406cc38128fc0887900d8bf32f8
arvo:19414,True,139,0,2a993230de6e11da00e4ab0d9f93cd977f9b29dcdfb4146ce6596ca9124b042e
arvo:19426,True,1,0,e8b8e98a01451b1437107582c0f382d73281c47755e5e282a942c8c7ad34b038
arvo:19463,True,1,0,53a70f366ef4220706ffb84ccb5cff98b8695bd32a698275c7d8a2be2cc8cdf2
arvo:19497,True,77,0,4d293e6debe9388537f21d0eb7b024013ef5ed0605537cd8cb3b768ea4999463
arvo:19498,True,1,0,3519f8cfbc96f3cd8dbc2bd95fa79ef55e50c575855cbea623da19dbfced5d07
arvo:19509,True,1,0,5f897b4c2ba8fcf5854c80e6787e20ea8e45120aa5e66f2d3385308c4321af95
arvo:19548,True,1,0,8d6b8c1b29c1936f939e380218bfec89c201b2f7f579546d6a65c86bcfd9b194
arvo:19573,True,1,0,1774b2c20f90f48d98d0d6cdaf3967f61e4e60c12b0afd0ce841983188cd386d
arvo:19702,True,1,0,72e1d90965891e6ed357f4e5172eb7898227266564ae1c2807088fbe67b892cf
arvo:1975,True,1,0,4f9505951c214fa458e1447531bd1d42e67b40423398c601d8a950dcf83937c1
arvo:19757,True,1,0,978e8fe03cd01a078dddd0116ffff35887efb068e9f997b4a8871036479c209e
arvo:1976,True,77,0,b4aef3e1c41b62b6fd3942e4c704877bbaedbec4599c22fdc54686203469002d
arvo:19822,True,1,0,7f73a32226e9a31e7659f8683625d26afd9c4d93c86efdf6f77c067032ad5268
arvo:19902,True,1,0,ff4061e2100bb8f22ff8564a2b317ca18c208ef98ddabe173baf66092827bca3
arvo:19910,True,1,0,47903b2d69751b04a10a600cedb9f0133d551bf4e92748cafd30b9d68eb037aa
arvo:19956,True,1,0,193e2ccca6311e0f760aa760e72e3b2c591031619c288c13061f84f648b84a45
arvo:19999,True,1,0,6ef157a10ea35316c070bffa6213a9f7459f9b161be97027301163ac90a2d92d
arvo:20050,True,1,0,894c8ebc2966cab268a0bf86c76274886f7285bbabeaecaa00b312b58874e2b3
arvo:20060,True,77,0,b1a0df4fc61bc622a8ce69bdc4856332e638cc0ef02b10bcb270cbd262fc8ff8
arvo:20083,True,1,0,0a3b578f27818f509a6cdc15b5cf824665f536f29f9fa6fb7a0f4c9c89141dc5
arvo:20112,True,77,0,094b06d5d5ce46143f3da4da7c62932d38ed94843d9985aac88228e099365a2d
arvo:20131,True,1,0,77983b86cccc200967fb8b489ec1d3308110897eda4b672e94d327c4d599be3c
arvo:20147,True,1,0,6c8827308d12c6674c2f9f94c110c09b1bd4137b72fbe79aebb7a439f77cd07a
arvo:20176,True,1,0,863bc4c4a3d733acaaead6bbe131cb0ad6cfc01ce760fd4c7cd5b660e63b053d
arvo:20193,True,1,0,28df45a41205f5e0cb06dd86633d88f98660f98a3ad77e70fcbdefff7af0a4ae
arvo:20200,True,77,0,2d66debe926a13cff6f3c8c1416902684fcdec7b3ea98a2a9473b60d0a31236c
arvo:20321,True,1,0,8834f134f3208fba106c9986e0d6590ffec4c18b7fbd439a9d859f01ff595abb
arvo:20459,True,1,0,e9209f2780fedd4df338b04cb0e6a224e9126633a36efc62b16b5b690d224cd7
arvo:20476,True,77,0,f0bb5f921eaf3bcc1690e47cb0e4797b28dee33099397ac2b9fdd8f350547f86
arvo:20494,True,1,0,4bdd10d7d69a39f0fafd8952e27a54fc38ad5bd0f0ebbb5bcded63cbd6d6fd5d
arvo:20578,True,77,0,83a27c6ace4f1e285f6f159a07a882406e10c075aa4d60d6f7fd35c3cc6502f2
arvo:20652,True,1,0,0a7b6a054f4637f0b3077c3427e3a0491812cda612eadf6a94ccfa11398564b6
arvo:20655,True,1,0,df3f619804a92fdb4057192dc43dd748ea778adc52bc498ce80524c014b81119
arvo:20694,True,1,0,63baecee1870bb1f016b2bc9d3c77500d2348a5437a5783f4d826a626c2f8d40
arvo:20716,True,1,0,79f9429790868cabb53c9f645fa6ddeec5597f51e035a2028c3e52742f6123fe
arvo:20775,True,1,0,b2e8ae68b2b45624afd35af1b212d864d3ee6d99aae76f3978247fb8855b09db
arvo:20800,True,1,0,2eb4931efa56767276ea4218e0d97a404db7a973affd78326d684eff3283dcaf
arvo:20823,True,1,0,503679656dc658501304c0cbe09f8df8880bc0ab4c6ae1ac14416834581efef1
arvo:20830,True,1,0,fe4ad9091df532bbc6896d9a5e34949ac2594d03c8693c40b6ee141a2e904a56
arvo:20840,True,1,0,cbdffc4350ee39d87faf268c9b5ead4f9d2a29982e5a040433e1afb48c27df04
arvo:20848,True,71,0,b3c51cd139f361946579effe1b571e2b584f0f6b23ff2818ea640d8f5934ceac
arvo:20905,True,1,0,8a8de823d5ed3e12746a62ef169bcf372be0ca44f0a1236abc35df05d96928e1
arvo:20906,True,1,0,707f44b1650a26b03bb1440e4d1d656c16a3d41eeb10236422ede3aea4438f46
arvo:20944,True,1,0,7955ad33c169a2a8bce6f183a3bdf7832a13c77387c42a43454d7d0ebedd903d
arvo:21000,True,1,0,804fc9804b21bde9e96ca93f264e42a8d07c20ba4ad534444b0003cde2aca7f5
arvo:21011,True,1,0,5a947557fd1008d0d65044263369fded3a6c358f3901de953546af4ed68e61d8
arvo:21026,True,1,0,ca151b0ccf205ce024b6d4d3c2ea92bbbd19cc4c81cac8ad652ee0aadce75a3f
arvo:21070,True,1,0,a830601efbe36e01d46538254e47ae8212ba89c80cdff07864f775b80941333c
arvo:21092,True,1,0,f704ef84b0d9f2db8480435060a196de85553a09e24460682cd3f70ef598604e
arvo:21165,True,1,0,1d2c767104becae3a9d4a7c7428abff40543c787a6eafee7146f8464d2ba7c47
arvo:21299,True,77,0,f90b0947625fdcd3140ebf802678b38e6bfeb27b6af4b02a15479a702844c507
arvo:21300,True,77,0,33ea6785212c0e27f14d9eefac97fe20a2675ddb3f1886eed7ecaf65cbc9ba34
arvo:21301,True,77,0,6304a9cea4740ae1c2cfdc1574dd777bb59ec60393e53c8eee3f2bb3b762a7d8
arvo:21302,True,77,0,5a0ec31daa84fa27666da56af259b9351086bba0b9ab4aa6007e3e6fb1866b47
arvo:21309,True,77,0,d67b1626ae64aa7933f9fea9bb95b78df33990851c6060adfbd06123e26ad8b6
arvo:21316,True,77,0,df7e1dd44646047bb1871ca28f76c1d5b29c9b0185e4b3f4d3b81d3fe4ab8948
arvo:21321,True,77,0,ef94d0a34d33230d838c172c38bd7a3991b8c41e2fc84c23710f1fbe5bbfb1ec
arvo:21324,True,77,0,d5f9334001559e33a47979667e6e15da41f246138352f8fe01afbe2dd5510a6d
arvo:21325,True,77,0,11adcab6dbbab4f5d8d41b998d3a41db151539b03e05ae42f16351ac3ca385b3
arvo:21327,True,77,0,81c6002d4e49b98b7d929830ffc35f700a504ed75c3dd745e1a539613c51f109
arvo:21339,True,77,0,081a717f3f2d1dd87316209e02eaedb1d22c98aa9d46a5f6cc2a19f779345265
arvo:21342,True,1,0,38b9962c2c199bb43ba36f8434c3b9dc0c1daa83aaa718a2b634d8b4b8b62b27
arvo:21359,True,77,0,a4f56d1c625ceebf92aa39a570f19ccafd3b2a5c5e5dfdc8ca6cb392db030f39
arvo:21414,True,77,0,2e02821fcdb991e2a059d3791d48dad1faf1a466b1aa47ac98b134cf0f425f3e
arvo:21434,True,77,0,3523c9e4c6b7a35bb5ba05e330321626780e69d5e1aa2e0f52a8d9a6b71fa423
arvo:21435,True,1,0,926fa2cec9e3dfa77c7ebc3181a0800ec9fb9ded54e756840fb4ccf2c5ded6aa
arvo:21514,True,77,0,db2b7a1e461b110e4a4319bddd64f4902405a6d7fc14e9d5f7f2c6805bd7e704
arvo:21578,True,1,0,386cf314bb05acdaaabdf4da1caf140167271a26bd08bf34c3a7427d4bc4431f
arvo:21579,True,1,0,058452e68ba3e7b27cfba04ffc93af9c9a413b0eb7a908e3df66de5ad4ac9a5a
arvo:21580,True,1,0,31bd75751eae93adecb84ca60bbef14f5e539e72f8f1de5650d044c7abd88f75
arvo:21604,True,1,0,bd9629057f1b512e2e2e791c15a4e0fb0ec06b82a09216ddc8266ad3014197c7
arvo:21638,True,77,0,f99a8732b9a35af4a4129628d31ac84c44f05f6509e8e516bf1c2802de701b7f
arvo:21641,True,77,0,96c7d8bc3df795461b972d93640523bcddfd85541483914d3b0c7b9cff70ab54
arvo:21670,True,77,0,dec7397edb9b2401f6e3603d512dc9706cc27e9828dab2895ad8d4dab45ea89d
arvo:21916,True,1,0,df3f619804a92fdb4057192dc43dd748ea778adc52bc498ce80524c014b81119
arvo:21936,True,1,0,d3129b849b9e68428c994aa7587a19b9d44fe922df69993cc8c3d47d0462a982
arvo:21960,True,1,0,35896ac213de3be643c38f7a0676c3e705c9b8a31e5a24c3340f61cb5658f2d7
arvo:21984,True,1,0,f4625ea8a2645cc90c8edd7cc79723f554c4467853ae5ae8bc236af10d947476
arvo:22094,True,1,0,3b2af05697ba315ace636c9a544d7dd9ef77b0dee9d8fecd301ba4c7864f0a26
arvo:22105,True,1,0,72e21d6731dce2e2a125b8bea0494ec4d1a24b6034eca0cf785c1ec9cb60704f
arvo:22140,True,1,0,b9278cead8cadb9a25d347c77af87c15cc44d01cda5706386f1a72e58a258d51
arvo:22244,True,1,0,bc642068cd96a7ed0af3852fc6a6342b965a767422d4b52c628e8ba63cbd7816
arvo:22295,True,1,0,4d24ec58892f8945ce62884efd86ca63a99eea94e42d628b30c251f8e418f7d5
arvo:22427,True,1,0,f2487b272d6b76bd593b71ca18e9f2fc02209687de54259c588c828d37bb000d
arvo:22430,True,1,0,23be7f47ec04670d5db970aaeb2bdd4c3c209163b7276c3986281cdfb2d2ceca
arvo:22507,True,1,0,53e0daee04b1292c13e74e3326fb2e1e5c15f72555daef36e5052e92720e131f
arvo:22528,True,1,0,dc0a28d32b33188a28ca7533f28677901acb98dba6b045e63138491f27936458
arvo:22560,True,77,0,0613c1fb3e897e3dd31d939a84c4ce774a0fe75c8871a0f314adeb45af596d6a
arvo:22670,True,77,0,be19da5505b0dedbb8fdd4a8497bb9d32388b00bdf3d8b5260fa881b174114df
arvo:22978,True,1,0,f41b8274a33cd5132777e2282944eab31124e805f07cbdd4014bbc0201cc8843
arvo:22979,True,1,0,ca97c23c27a4095b12f436ce4cd5811c404a1140f0eccaae4a8eed8c12adbe76
arvo:23021,True,1,0,ff0c4ddc9997b1ce42900d3710f847c31bfe475804842b6de59b68b7f0512192
arvo:23044,True,1,0,14f99c4b0a6493e3a3f52022cd75276b4cff9a7c8eef74793267f687b600af96
arvo:23074,True,1,0,de4aba68141df6f032743f38334ec438e349994cd28a081db3803e95e1ec0d50
arvo:23077,True,1,0,e90f616fba7724e648d3e3cb166b96e0f7c8f4a8eb20802380e3bed2d70a8ee3
arvo:23140,True,1,0,985bd6f54cc69cf250b08ecb1baaf319259dc12a0aea367d9cb33cd08ab06234
arvo:23153,True,1,0,3dc68eea1f1d5dfd47f766326b227305d13b5593b5be0e1569228d87d214fb9b
arvo:23197,True,77,0,830cdf3ffb34fa13ea6b99c81281a5a35aa4e02418a6bc1830fa14dc012c8373
arvo:23215,True,1,0,699c669f047755fc8ea9f8c986cb1d5768f01cfa82ecdfdaaab498261a13a120
arvo:23296,True,1,0,b4c79072fa69ea3b4dd9e11b1bdee584aa190d1cc3ea9811575db0fe007fb845
arvo:23350,True,1,0,206c95dd2e69be1bd85e6c1cbcf582b36493a126f44cb1968736a98386c8eb58
arvo:23433,True,1,0,449233a26010f18c0ddd6c73fecf087fac4f389dbd31e68ef78f41ff04e0186e
arvo:23499,True,1,0,a628bc7ff090fa4539e916f3b8bd159506fbb450e99134eafbab0c1091028204
arvo:23547,True,1,0,1eea3dc3f465db9a90dbaf0f48e9939cb71b3c49e41150db6d9cb696f956453e
arvo:23619,True,1,0,359e8b373a024302fd1b4ea50d65c7c5c292067e84ea613eb9fb69c894511292
arvo:23653,True,1,0,c36e94b9d81852ff7fde15d36d6dd2ec262f99b1917038599012d7063783f059
arvo:23654,True,1,0,2c852b36696555cdbdabc14315c280339c785771ed7bd6cfee611f143764701b
arvo:23715,True,1,0,365f1abf0e6d0085d8cbd5df4c8a0f8ad0e62b06d2c9a45b87dd44129a6a7f17
arvo:23717,True,77,0,4b0776393cd0ea09c1b94b14e62658dfa3728371c5a81e6a2dcff9e9c02cbaa6
arvo:23725,True,1,0,d4a4e5934a62276bceb1acff99eb3c7e0b3a6bb5160878b59f5850f1e892055f
arvo:23743,True,1,0,3237bf0e52bca0f6c21747c25a8c21f1f8e00684dce9f1598da3feb100d1af12
arvo:23764,True,1,0,24939b8f37d35df72b42c315b605056acc4f8633e2750fbc29057e27253d9701
arvo:23765,True,1,0,f274027b2dfb991cb6ba3a275bec2afc8d339583f2b59d836c9a328feb91a046
arvo:23778,True,77,0,e574b5afaac50f582d3377aaa4ebc249c49b9b495b425697c0e1de9e804c7272
arvo:23787,True,1,0,2c18a77dcd78a6aeaf90c42750c90e7da1df5d7ee0a21d739cdb9b844f9c4255
arvo:23816,True,1,0,448f6bbe9358fc07deb118006a978ad66d9f97bcfd287c5eb314d51952b60c7d
arvo:23877,True,1,0,2ee25b7d48431bf23e1a59f42635687788ab2273a3f6bdad7ecae17bb89f215e
arvo:23979,True,1,0,27b20c34c5cd4f61c96f621b005a4e51c2230bccd743a5367fa2d41e76747073
arvo:23991,True,1,0,815c50a7da3ea577851d2733e67b9c22ad81af5b947f514c2695747411b68567
arvo:24020,True,1,0,3d7cf7d404e2b9df0372ee5d89929ee836e07ec094153cc84c048b366de84531
arvo:24055,True,1,0,85edb1e8b80241cc49b8a29cd28e3e935a47dd9f785ddbcb8e15b3be2aa75d2e
arvo:24097,True,1,0,95ef3038ab892a75071a210a6f2c6ca45e97545a48480e857e99efa213139a9c
arvo:24099,True,1,0,325a58723128bcc40eda21411f59cae23285c881b4fa7d16652c2f6f0ff42fd2
arvo:24101,True,1,0,2a36612ec78f1c756c8c1752c0748e09c6c7a17c05300caac7216c8b39e558d2
arvo:24157,True,77,0,47556e448351050a5627b9925075eacbe3018a660ed102ef10f8d832eea8c94e
arvo:24183,True,1,0,850fed50c5fcdf3275b6d7e3026f2fc69967972b0c59717580bbfac7ce364e10
arvo:24186,True,77,0,35fff556e7014eefaea83325baeb9c287aff03a601d7aebc00443b8fa2c2ef65
arvo:24465,True,1,0,68b21dfada97a0a39de5c017a1ad456acff694b7e8b0c33dba93803d9be77793
arvo:24528,True,1,0,83817446726d9d28189db10f21e6830e19e58701f86dc553da770211f927ea85
arvo:24538,True,1,0,28a04150b3e8b1e91cb1e29399ca2e797bb6ae31d24f8a3c8619a40307a6dff4
arvo:24591,True,1,0,23f0b8be3d575a7716729efaae0f630166d54a4acbc55309968bb6bc154c4db4
arvo:24633,True,77,0,f9833b21e0f703cbfc1acb9ad6b772d63af5ccb6f9e3ff92f2bd31ecd71fb6df
arvo:24638,True,1,0,49797c747922c3763e4d1a2e4d0558c089f40e934b5533063b0bafa286601cb2
arvo:24925,True,1,0,c176e57d7684b0bebc8b744e615327f3b4d64338d9a8d3c67070ab1a45a3ea4f
arvo:24993,True,1,0,cbe33c0e3efe098570787a9dcded1061436f9d06b09cd5b2afd0d02eacce527b
arvo:25007,True,1,0,eb1049eef1ba6aaa7edcafde0759ae53b59012d6402d59dab3eb4a172dbec7a8
arvo:25013,True,77,0,804349dc8c30a8819c8e570ff1ff6aa1d1d6b2881323e5d70895ae682d01fdc3
arvo:25014,True,1,0,0bec381bf6e3887e5e15cc39a5ec9cd91eea3a4a8f3f54dd9931f9ea6ecd13a8
arvo:25121,True,77,0,b9278cead8cadb9a25d347c77af87c15cc44d01cda5706386f1a72e58a258d51
arvo:25167,True,1,0,b78244167af116f2b3597b4a81421bd2b28f3d8bf616025a5ae424f689fd7632
arvo:25210,True,1,0,2d5783af1cf1e0d4a6aa36d15c8942ff06561b0f24336a2304aac8d013190d7c
arvo:25221,True,1,0,f8a15aed3c30f5d7b181cc83e6175ed0ce9a5f0173335a636f77fb10086cbff0
arvo:25240,True,1,0,035bfe58e6bfc3193728deca2cc16ded3c982bf11711daf2f5a8d4b69b492bf2
arvo:25257,True,1,0,ba7f8b8de9dce64dadd6b0690e44b7363eca1c33e8bd636a857f454f6e76f73e
arvo:25292,True,1,0,f414620af6e18ac941086e56534baed42fad45b4316ee505d2823ac532708378
arvo:25332,True,1,0,0b136a2ebab80f59e90ce9471e1171327384bff7d07da142deadceacb4105209
arvo:25341,True,1,0,524db7ef1b09ebbf5d1cbe4c583fdd64814ed61e0613a434a33bb32e30435b6d
arvo:25364,True,77,0,d7fbd4f09ba9a784878ae029ce128a67966b6664fddd3303adf62caff95268fb
arvo:25366,True,77,0,c2b093536fff2b2a38cf9b811a6177689e84c508cc75ce23602ee3cdbdc54f07
arvo:25377,True,1,0,734014568058486fe2ecb7b072bcf1eb50a5d53937ade9c93f60d5041b286f2f
arvo:25384,True,1,0,d3e261f546a976126699ec11575894c198bdfc490de27a71e118478f3a91620a
arvo:25388,True,1,0,0ca291d860fca35cbfad1ef00eba05ed8f24f9c0f16574c25610b29af58ce407
arvo:25401,True,1,0,fb67c4c2ca2638f3e1c2a37ee36d56789598857e794feb225a517fc481f11507
arvo:25473,True,1,0,a09d556c79c3a4802b17c84d8ea7745e02933fc604ece06dfe6fbc08be564feb
arvo:25526,True,1,0,6ffe5bb5d6628763c34f6670e5e2e07232b9cb8373e27a1b7b486c1e2bf6e5d9
arvo:25530,True,1,0,5bcf5994146be7bb7ffe4ad346c8a98165c121a0f199648eeab420b4f34e0ea7
arvo:25561,True,1,0,8e8193b53f40e4ec1e8efae18ed7505288b0033dac5509912388b213b036de91
arvo:25704,True,1,0,a81a14db96815bcba84af9982cc3cf900b8120fb974416bd0a90c9b26909dab4
arvo:25815,True,1,0,4f54f8b978825799b6fce3724cd4d17380bd2029b83b93d303df61893cdcf31e
arvo:25841,True,1,0,5381e001b29c5d54c995da739172fb752ab3e0c6279b390c369730cb434314cb
arvo:25884,True,1,0,9d2910ea9aa81c66746dc6a052c02c55b07f2dec4a2e26916ce7ddbb805a1f08
arvo:25885,True,1,0,bc2e06ab9f20d63ca6e27f4446fec540bcf39f01d8e467e2f1902886904340d0
arvo:25910,True,1,0,cf222e6081fa746c4f8c95db276ba3eb2d185c551d5c4f9b74d157aa00a826ec
arvo:25943,True,1,0,5187b2368f20c6f5504c3d2b41b50c89febabbccbf1a47c5efee99f4f280061d
arvo:26022,True,1,0,2361d9f9152ad90c2b3f0742a4dd0b78ecae0dea31e0b3c7f320ee83e8c34cf9
arvo:26026,True,1,0,47dc116e05565b53832e720f213ab499ce3a2c58386a3f375d53ce637dce07fb
arvo:26103,True,1,0,6ef851ad3fe026fb025ee1d5872b0f7f02d489f6bf85b58c227b44d86ddc3b8f
arvo:26163,True,1,0,3f3841de55dd8cc8f8ba7f794ab7d5f06d182cbc396083c30af14c60e2e254d4
arvo:26171,True,1,0,5d889869123a7453df78107e26740a211cd291abdcb71782e2fbc7bab01418bd
arvo:26197,True,1,0,1c69ce703f111a26804fcfced8029e21d2ea48aa9b500addbe0fe1cc84949c2a
arvo:2623,True,1,0,61f737f97cfaf014f794b3d68b1c7c6603ecb5b3c9e7bef21ba3c004915f6c75
arvo:26264,False,77,77,
arvo:26325,True,1,0,661b7b0149033b2110fff0f289bc0935a344a3ad2b218029ed2dd9aef11dec92
arvo:26327,True,1,0,1503c33ab5169cffebe501c68c7a7e37ac758a18e71cf6fbd22e49b7e06d3d94
arvo:26345,True,1,0,af583383df4e472b6870fa7059495f5db18b3da91c01b7ccceb26ab8aa3825f9
arvo:26371,True,1,0,d708e94617c8e5878045e315307ed97fa7d3f3d28dc1ecac7f41a04ca357365a
arvo:26400,True,1,0,af1d7bbcd7368258c1e06f401a2117e06ec9749cc0640b29ea77f31ab06409f5
arvo:26406,True,77,0,ac034e61989b4547638de840a259d382fb3a8affa5cadd8869160fc13ab44026
arvo:26442,True,1,0,bfd09471c7c893bd6761cabb4ae020c119e2a8873f4206c7775094399de33b2b
arvo:26567,True,1,0,c62aff56c9c531cdf3615e6bd61e3f3fffcd18eb604488330c643da537d30673
arvo:26593,True,1,0,bd50e12c55dda3ee443c1cb6d71c7bcf6351c4ec96f7bc8d6adec015d1192eea
arvo:26635,True,1,0,9de6366f36fb2afed9b9ec5f879ca960b2bb78fb77ea2a28e0610de307697b89
arvo:26682,True,77,0,c74404934794fd6f50bb882b7af90d7e85df7e0d62abb3f356898bcc5feabc06
arvo:26712,True,77,0,0ba8bdf5bcbe4fbe1b50affe8c8805f2d3dbf26f365b5e3c2eba2c3ddbd35cfb
arvo:26755,True,77,0,92d935b0dc138f534df7f015d05a5d426259ba5b60bb18923a9eb6339ec6e697
arvo:26803,True,1,0,05605b17b20e92d8ef974bee1cd228d37a7bd9ca9e502c4502176b9c7e5c6336
arvo:26810,True,1,0,b7c2a6ca0ba6e2ab3ffd0adfe18caf6a9d6de300544226277e2f066f24b2f75e
arvo:26829,True,1,0,1bde7024be5a56eb63aaafcacf7823e5e7534c4ef7b798df7034f9470c044c33
arvo:26952,True,1,0,8270244ad40a6ae5b210be48083a16bdcefbc4b561fcb8ad4bdffb51a73875d8
arvo:27020,True,77,0,860edd69a73f892b26df09be09cbfabc34cc7d908104ae6623d277e51c4e77b8
arvo:27025,True,1,0,0a19fa8b093898a3a22442134df13f5922daac247a1ac775e121026f5d75931a
arvo:27241,True,1,0,57ed0709f96d280a9d4fdc8de7707e9ee89d80a0f5ff66c252cd34b389978d56
arvo:27269,True,1,0,0fdecc4297e8bdbb121ec47e6c79a3ead3879a4c77e1d1a034656f9bf477f7da
arvo:27279,True,1,0,7e39e01178b5018a0282f5a7928d4820e2c2bd37f6ade68111e56aa0116c14cd
arvo:27413,True,77,0,0622d49548c402d9eba8d7fe812f2f6ee99dc116d084666f43a483ffec72fa78
arvo:27480,True,1,0,c4545d7e8a8101b072a88c6cb68e387317a3613885572371566cab0ddd5e1a5e
arvo:27503,True,1,0,8f2ba5556c7278e09b9990c5469e85533a2bd0b2dc20c6ab95390521e8b3b3fc
arvo:27651,True,77,0,d06fa6d4a2a984bc624c33f18b711cc725c3254f38793efd19b91bba8addc4d4
arvo:27691,True,77,0,af64d8f1ab740e1354bd477bfa17a803cf756dac9daf5cc1406b84582a0dddda
arvo:27710,True,1,0,20af791279ae42db58556ceeb0738a6aab8e0b516337aee2d68ca9ba3c2d1fb8
arvo:27719,True,1,0,d2c5fad1471a8a6b2b5eaa29af3e11574b95722f4cae4e8f4abba422f51d6de7
arvo:27812,True,1,0,aba8d039b92016be7013cfa0e570d3b253781eaf07d9845513ed6626749dc459
arvo:27816,True,1,0,c0283bc1ffa1c26f9bb7a14fe6274ff0aca0084ecf56b2210dec35eb339e2a10
arvo:27818,True,1,0,f082838a209e5078f77fd41b985b0cbea2578f4f39c380ae52e6d95b96757c64
arvo:27851,True,1,0,9995723ad0aeca5769e5b02ca29bf07e6afb98a0ac37ffdb466854e21403fd76
arvo:27853,True,1,0,3c8ffed0cf06d1465baf00733e677ace18f50b9b3c58dfb6fd7b1faed2886152
arvo:27856,False,0,None,
arvo:27871,True,77,0,03f39a8beb945a62f78d164c56b885fe072c546ddfb6957e3d2a6fa7e496fbcc
arvo:27934,True,77,0,63dc1e35eb927193b974c2fce5cc4049fbca342a178e4fa3fb7bae104d3ead61
arvo:27936,True,77,0,04b2294181778f7ea1262e98f0bc9a9b86f519e351b9229ff2ba6ef51d230c2e
arvo:27961,False,0,1,
arvo:28064,True,77,0,aa3a46ec3423197a5d49ac315da4ea02ce6d7dbbe848ae2d9ba93348ab7c0375
arvo:28109,True,1,0,983987033f0e117011e531dc33ad9bb15290bba41a414d830fb5cbdbcda2ff17
arvo:28129,True,1,0,fad6aac20b217d017f6fe1025907fda03374ee426ff1f8b4715b0a7062713234
arvo:28135,True,1,0,f00c74f52af6d84010b5a90738161e3ff3d62a816b9ecbe7b34b2572decc177b
arvo:28151,True,1,0,51f6242cf42157aab5522783e604e4c27e9b3937d602670ab288f1ad401c32f0
arvo:28181,True,77,0,03c042ab5dcd16df5ed692750ceb58671440c0931332f501885f420c75750dbd
arvo:28185,True,1,0,997a20b9c619c07a72601f2555d2c951bcfc673edc259c7edbe47f6ee8f65690
arvo:28191,True,1,0,2aa23b5c6ab61b30ff3c384b9e648f20c16ea521079611ac7d2d4d09d773bb5d
arvo:28216,True,1,0,6453f774c914a429cbad74c82b30992dfde096e68ed7305787350a3a8565e098
arvo:28239,True,1,0,89c33da5ff875c5f78c3e16fa63c6afca251f2af1b4cac60ff7783b22a4f46ff
arvo:28253,True,1,0,f49163f78faf830f8c1a25a345b1ae488a5d38462384fe2d17d493b3217a9b78
arvo:28265,True,1,0,92254f5e3fa12da1fbe9a56e03b2cfb5952304af23c68f3dbc9068a48f99fc32
arvo:2828,True,1,0,09a543adaec49b568fb730ecd4870fd0dd775e81c301b90e3515c042205edae5
arvo:28315,True,1,0,798ff51a6675feac6e6f3b3172e3832f91aa35f96c75d689a04e885afc39291e
arvo:28383,True,1,0,b21404d6f8fd5fb400a2faa9f34ea8f427cb08bf4af41ec214a66b382ed4681f
arvo:28392,True,1,0,30b62328031fc8de011eef614ca5461ce85dcaa26a360aad3fb98fa3fc83ca19
arvo:28458,True,1,0,c557e71380112b980eaf1145fa80621130dfbdfa1e375d87ae0018b7c60ac16b
arvo:28462,True,1,0,1814132513837751b70e72088bcec2c8bf65fe06058b5c0fe8f05f642a5e188c
arvo:28467,True,1,0,3fe13ba92bdb8ddac8c2745c45040cdb25f2602c24429aa4a15f572cf7945590
arvo:28477,True,1,0,8ceed3d19dd822a4f3084fe704a1187bfe11d110e7815fa31c48b77f13fced33
arvo:28484,True,1,0,688ae5d5f4f14ef656b39405c2ec168af2a5c1219e2b590860f851ea86a90fd8
arvo:28556,True,1,0,7543364a91b10f387203dbb395ea251dcd41d8eab73df482aa7602b81b7911c9
arvo:28587,True,77,0,da563bfd442f167fc9fc32744c56267e04377a4742a7f375a01aff848fd5c7f4
arvo:28654,True,1,0,3a4d9474e024d58f4a97207683eb67e035da261aa59e53719e2e5d9a712d8937
arvo:28666,True,1,0,268cf7832b083b75f2e7598b4e677d35c3990ea1f5567718029c63d3ce9ca02a
arvo:28730,True,1,0,a5921b52b61e44653e653fff080ecea74b2a3f0e3f40b8c1478da4ad44ce6ef1
arvo:28750,True,1,0,c0622aa37878313a10b8483d746c30190e87d620010978ca6307bc6f6bb8da80
arvo:28766,True,1,0,7a9a9020c9e384fe9991897859db24c75ab77283e83ca4d2a4a9a9b44c656083
arvo:28777,True,1,0,3a1cbebaf9b8f1917efe34a01b8a8b60e199d5e84b342237c5b5ad8df9c17846
arvo:28810,False,None,None,
arvo:28843,True,1,0,04904b0fac7198eb02db1c9725f6ac53715826190e2f97bc0683f34c4e3be2cb
arvo:28991,True,1,0,a599623be19c4eceb71138c9a3693b8b1e7984f547430fa66d149142cf16e08e
arvo:29103,True,1,0,4d8f544620242f5a72831670a077135e1a2884f2d876eaa200f5dc994e0600a0
arvo:29125,True,77,0,8d80d5b9ff030884dab1439a2004e6d3d572993d92d0b897578b30a4ea3f6528
arvo:29170,True,1,0,15b8c52719f3fc79989d48faafd18f57e35f90db69ee5ada94b0177fd9d6c697
arvo:29171,True,1,0,087478c8c374a2f798aef182f3a1359ba5754070c3d84f21a7daeb328b816198
arvo:29185,True,1,0,ad54c1df7e3b947592936e61bea9abe8c2f18b4fc98f65316bcc02f5b46f02f2
arvo:29217,True,77,0,48c04b301d7b1ec2ac635b0ffb4c1c19acf5e7f5ce0f9ab8e47c53322e9d6bd0
arvo:29243,True,1,0,7595f2935c2b0046272e3c4af7a78b4d313d018dfe330560d56e9362a2592002
arvo:29266,True,1,0,9d2902b503711f839bd67647f2465402fbedd06dc840dd9093b293020929ff13
arvo:29267,True,1,0,0889a34434e586e918436027c4e8b4c3380f84643731bdeb57024adb8745cf53
arvo:29271,True,1,0,9919edfede1477693778e1d27aea9e64d070d6c6e3adfa949bb96ace8334db00
arvo:29290,True,77,0,b81ffe9a0176b5888a4651d91e4af16bc4d56f4a24edc8e5b3126b46ebd112b5
arvo:29338,True,1,0,3ea7c7209fd949cfd9b066e19f4da3e9d1c1cc1c63fb4cb2c3031903b168b25e
arvo:29366,True,77,0,4889903b4c00a8f26ce7550e1881f9196fd824e219e30b08e729cd8d72bdcc9e
arvo:29377,True,1,0,a7d1198691ddefda205037d2c44ff6a7b8e43b68240ea6d910573948707b5ae7
arvo:29408,True,1,0,7e1d24bc9640b3ffe6f0c4c3cf7af19d4aa6f1ff91e2606a7b4111e12d046126
arvo:29451,True,1,0,08dd9b8fe5e34fbc3da7b5697fa244f9b012367ea64d0e1ca04989126c566be8
arvo:29538,True,1,0,32bd6bd0a0df7ad99cb009472ce250ca436a6898e88a64a3396c9bdff6eecb48
arvo:29564,True,1,0,81b336f7189e5386fad150ae263fb59b63d3df64eab5d12572cc49686318ec3a
arvo:29633,True,1,0,020957b4721585c6df8818410e1e272260953d67aab94f0affb0e390fae45d92
arvo:29728,True,1,0,c89b09fed1f42ee1801d775de27037ce766dacb565f1356472990202baaf1ab8
arvo:29769,True,1,0,dff051e76203102d3c98ca81635a35ff99c59eb7b9ced666d7ccb64522e9d666
arvo:29827,True,1,0,8fdbd139a1b563c3f9a4d3201779039e2ec73c5315a27b112669b5d8ac406477
arvo:29912,True,1,0,c6373a96b57c5ee8dfa1f7b3447ba78539f5c0c7ac12c0f559693fc4e45943f0
arvo:29974,True,1,0,40eb1016933bfdfbcfe4a75e6f62c5c55278341152a39490a359213a8771699d
arvo:29976,True,1,0,cfb6e0e13cc4d9edc2b735fd473ccc22c21ebc2feae622faeaa690dbf934dd29
arvo:30051,True,1,0,3edb421a0ab42700ae8fb6737340d168874fdf5cd63744877ac7aa888e0977e9
arvo:30090,True,1,0,d2e10bebd770387058119426ee26b6c333ffc51fa45a0ff91988c615f2059e1a
arvo:30099,True,1,0,ee447a22ecbeff897ec33d1b649feb69fdb2f768d343acdd3d57473388d178ec
arvo:30113,True,1,0,0ef9fee1a61fa388f93280e67f409cc8323206b336c99f1b3fde150ffc1d895a
arvo:3012,True,1,0,6a33868d2a07fec88c8601843c3be48394eb9b1dc31312e83a25585d1d5fe626
arvo:30181,True,1,0,0082d961a84f71a4391699937641b5b49f8495c36dfd16440a44de888ecb6f40
arvo:30217,True,1,0,18e4e755f1915946a2a4aaf0164eeffbdaa927d82fe6dcd631d6be3222aa178e
arvo:30234,True,1,0,b1c0a1625495ed8db53555859ed54e1980c2b55b0e4480ca6c35649cd9b8f185
arvo:30236,True,1,0,f6afa808c4d3caf0cf2093956ba14e1fca1b89b61231b73eeacc7dae86467630
arvo:30271,True,1,0,1eaaa27090cc910edd49bb7713dd449feaf9e7658a4f65c14e78cd7fe7358648
arvo:30339,True,1,0,71fcf979dfa92b3ab1eda572ab61f8d903fd865924573894913620d3b3952a41
arvo:30403,True,77,0,9fa9613f517b9ecd4df067e014ae205100d60b410ef1e46891f7fc347fe685c3
arvo:30507,True,1,0,b93e2a4d417c3bd1c4c62195b2b03ab34f0bbbbeea1e812283db7015517242ca
arvo:30748,True,1,0,baa1ae26443b80baa70b6974fd9ba1fc3db62a5c28713c1bfa1141f14c579987
arvo:30800,True,1,0,6227eebf9e59beb1c56b48ddb8c92a85af0e4518495ec418eb1dc9e2c8bef99d
arvo:30831,True,1,0,96772b3fa5c0eaa48346c6c4738e6594efd1b7d261671f06ae246ee5aa106a11
arvo:30868,True,1,0,b3d2f7b3db945c5e415b7e9335c58d448125c7657ef9d8292c0dbad33c3d8383
arvo:30875,True,1,0,58e71f59e63ea8505adc56f2ab73a35aa9a5bea60360b73794dcbf9d1284fa03
arvo:30886,True,1,0,34bd3abbb4dbf1e838b7908ca620d7368d1748c6cb3a896aa3a35995562233e6
arvo:30921,True,1,0,cf0ddb12ad602a08d382b050ec7d892add2f285f6cd969e2d23f2b207e5f6379
arvo:30974,True,1,0,21d963cfa64f8c63589b8372e68bc5011bd01063cb71fd6b178baae15a61e785
arvo:30983,True,1,0,85f32f4fc8f0a8282fb59e76c955d160d540d2f1e7c86d61753badb7238dd1a2
arvo:30999,True,77,0,a88d09f1865b9cc68c00db481c33ab52210125e44e71f03c08215dc71d84ae2b
arvo:31038,True,1,0,48292096847cb05e3198bffef55c2110d80f5236b19fc4f65312d9889d56f306
arvo:31042,True,1,0,a9a5af5a7de542543756d92536183f2025971e8ff286a974935b9c4694a96e4e
arvo:31065,True,1,0,d61643db3bffbd35363c456469aa45e488e4b2da863da3b9e8fd5ec53eb415e5
arvo:31120,True,1,0,07f75716239987b185bd8e1233b68b18a5fbf5a8bf00e3ce5bcbf2940ee8c657
arvo:31121,True,1,0,b56be9dbee216839d58c355db116ace5093173a9e43f04522ddee89e15193b0d
arvo:31124,True,1,0,93761b059925601bca7b0e73aa3433b6d06847b84d49b811988d57f2fb93652c
arvo:31179,True,1,0,6715819bfc3d727490a5f9b13d450fcf33a2f4d6fc932229aa262c235c81c14f
arvo:31243,True,77,0,b96242ec53e040b685f98e4e3bde27c73b9757d43c67b3ccdd17226d00ecaed8
arvo:31250,True,1,0,5c869ae30005d1071538ebf6a05a78ff9af64076eb5ae3a12939670d90b68da7
arvo:31276,True,1,0,1abe0f3598aea648147558d5f8c6d4f85a9f561c89707cff80cddc36019b13ca
arvo:31301,True,1,0,485173c1533977125d95c3cda047da1cfde8c1270661b5e0dc6c5ecf03619cb3
arvo:31332,True,1,0,362c20a3760bc84d827cd9bf836858a473627a1a3b45b0f3b37e2496fc719e7d
arvo:31425,True,1,0,eaf70dd60cc0f30fd531752e709bd8a5df42459a4861e7712debef42fb05ca49
arvo:31454,True,1,0,94b7297b32507d8b2778327908c94086f75c57782531818053c742dcbbbb69a0
arvo:31491,True,1,0,647080bb117b6df1fb73b406c7228423369aab288ae8ef34566d6e8939680800
arvo:31501,True,1,0,9f4827d1d308b6716293e0b63260197d2ce3337b847a1f002c5a2042f551c7ee
arvo:31541,True,1,0,f4a4899d1aa90a0e4a7039010122d80ecbf146c378c336f2d1a7b1b6ade36530
arvo:31576,False,0,None,
arvo:31698,True,1,0,735f0ecb5460257d41cdc838e4a50dc0b43fdd25b4880d00e75668bae8a3e49b
arvo:31705,True,1,0,6872c03204b3b8419308b8784d0755073e8187b12b3239643a60349efbfd7d8f
arvo:3175,True,1,0,561692761ae8de6d1b90296a722d04aa67f5a1c6efaa0648a1569a3451ea3bb3
arvo:31789,True,1,0,eade7099245571bfc02ad8d971f86a363f1917b010d1c005ea748eef1c9af70d
arvo:31878,True,1,0,ab03ceaf689b222287307ebeebde62025e58ed2b8049e54a8dadfdcb9728af78
arvo:31961,True,1,0,b770d00fc874a0e26a794a667e2ecd36d813bbf3df039d519211d08c0d332299
arvo:32029,True,1,0,f788bc027d48a844dad88a43023ad9668035c74eeed47e8bf3180b204d3209c1
arvo:32177,True,1,0,17cfd37578cc9ec9af1226af4146b9d784c57d3a63900e849d082c604a26cdfd
arvo:32202,True,1,0,732558b1954c0c0b2ac5f717513d6b21f9ca80f7a27734a4cb1fa42696e6fe2e
arvo:32275,True,1,0,e14e19a5f076debc4187013d03191ace5685bed7d2fda1bd088fd54fd0c015c9
arvo:32356,True,1,0,41da134632369017c12338e1239e4054b712933c9abcb2096cef569fca299f73
arvo:32482,True,1,0,518def57a888cf91b6ca73098e251a97a4bf7e974fc0c1e2a3e1773f531495e7
arvo:32521,True,1,0,6fd5b82c1449f40aaccb52df9bbcfff301f7b329eb20b45e02ec8949fce9e298
arvo:32555,True,1,0,820bcc5309c3bb4c9c7d45f32ce2dfe775e53642c69e43da78d758d566b5bca7
arvo:3257,True,1,0,60e88f6fb9f2805da9a2097ec09f6c0852f7542fd612ec582dd593d1b35053d4
arvo:32604,True,1,0,b5f4ea5af0a3cd2efb126d85ccd8516c39404acfa9c2a67a9666bd31f99a79f6
arvo:3265,True,1,0,5e3b818475ec0712cbe2b6527988e92799bacbf85d88a79d388c9108e74064a1
arvo:32663,True,1,0,e858ef6dc14c1d12d669c5cfa6215d6d19dc84f9f032e4b5576dc6f583445ccd
arvo:32785,True,1,0,e325d24a16a16f5af4b3de7e1fd81017701457d663c68a7081fc119c5c0a76d7
arvo:32807,True,1,0,b7fdc4f8756ddef3d4d7537282b5bc5f2482eaa2a7cd963db594e7fcc903683c
arvo:3305,True,1,0,c29be6a002ceaa603d9c20670b047b46801cc80e5ef9976b9a375d00a814f93c
arvo:33059,True,1,0,4e7dc23d80c05d7443524068fc480f802f2cc17dca7aae5af7b313573329e25f
arvo:33071,True,1,0,6ad14498aa6627c4f895e49f0e5eebc91004d47fa2d00cf1127f45bbd5609ff7
arvo:33150,True,1,0,4ccb0d7a3e87e096a7857f6e254d596cdfebacf71cd71e38a92f1361bf4fcb54
arvo:33238,True,1,0,953ce986584911489586baa0be6327c37b862d69c76702ac34847ed1fb2ee944
arvo:3325,True,1,0,a4fffa80aa5560cc1fd7dbbe737d88b5cec8c7e1c7e9c63729226945d1440b59
arvo:33251,True,1,0,971d0cc6c4a175804995a3981d445eeb9cd3b9168e81f5f97054699ef8cae0a0
arvo:33318,True,1,0,dc4dff4ca0ecd8f188244a0160d8ff9f3e71dcd21f4d61b780c5e3b5ef9ffab4
arvo:33340,True,1,0,8492b4c02e5c1660c8570ad3e8a86c42dadbdb507b5467ed0426b02ce3184945
arvo:33474,True,1,0,3055151d192505c888b3979343b95dd4212708c9fb4e1bf15f5b972782f66b41
arvo:33556,True,1,0,c4a8d765b7e58138cdea65d61479103225bfcd878a4d38f49750bae503feeca5
arvo:33576,True,1,0,b6d748f22e4b614df80cbf912d5cc70b4522ff4f740e5d22bdf87e27883179cb
arvo:3371,True,77,0,38276d263186fa6d3d74193770d52006afeac118e0fc1ef610d8c4566bc2a169
arvo:33750,True,1,0,76d05dbf787b9857bb6c7509be0f7ce69abb8f4aeaa8c30f68ab50f2447d1575
arvo:3376,True,1,0,9b8ce007f102ababb2b2e663a73c0d0a8938546b945e2f4c8d523abcae5a3391
arvo:33844,True,1,0,180e9b7fb0be0b1a616d62e404eda6918a340566a287683c7d22fc3a3fccdd89
arvo:33852,True,1,0,5b3414d917686190ed07e433d0feb55947077011c800b652809b847277102b9d
arvo:33854,True,1,0,29b59697f9cd90cc3ee2bdb78b4e11c580f610838758357ca812857dd8ba7e3b
arvo:33991,True,1,0,fb145cab7d80cf10816dc80ab34084779ccf1fe9881f94c051a58472de0d8192
arvo:34013,True,139,0,7e71523871089852b90579cb0853e420c59373806b9c6c23c1240dc41b93860e
arvo:3408,True,1,0,1e4dab54e0b4dd435f6b2061d768d9f6d998f8416c127057e84cfdda9c71a8ec
arvo:34096,True,1,0,f441e7c3fadb625605f151e71070fd1956327670a5af28fdecb4a2fe9ae722ea
arvo:3411,True,77,0,f6fb465ba3020236b13b3075d51d2c6cb06aa2d5a3b70ec19a5a766afaf4bd64
arvo:34116,True,1,0,c08a321b39e9799b84f5555ed428570faf5047903c47ad15346f5a6bfa2b6407
arvo:34138,True,1,0,bf12d31455bf078398bf1a8b918d9d13d6d06f380155d5a21333990fbc0e0995
arvo:34259,True,1,0,711a4da0a71381b6dc48b9e37fe37dca92f0d28a02452cb32a552d43cc9e2b4d
arvo:34299,True,1,0,57e5773169334a5b22bd1e0bb1d7ff09522cd2ea978a4e0c42fea1ceef605fad
arvo:34374,True,1,0,73a829a488c0ce0d55f089bf98c53b5db2dcf7b4595def163d5ecf70c484224b
arvo:3438,True,77,0,45e3b869f76aefeb53d1959e2a8b0a62bdd411351a681c72a64111d119f3cf46
arvo:34386,True,1,0,bd823d108c4d172fef283df02ae95fc9e998fc792f97ab390986bcabd12ae42e
arvo:34461,True,1,0,90cc398cc8ba7fcde654a31ecd05ad8ce517c7ee6c581d08ff30753fe2fb4b9b
arvo:3447,True,1,0,f68408aa1db415e3ee9e469897f84a3f521f97cfd524d3b22f81fb27129d402b
arvo:34584,True,1,0,49b1d1d743e15c501863b734e75912881ee5de48182bf35d36928f4c0b3a0614
arvo:3461,True,1,0,0230cd46a2c4998c3b765949fcd9c31b7196f915f2e9dda0ac95d593a269f92f
arvo:34652,True,1,0,e65a45088af9440b75f9cf8201681c99a80a89b6e78070c83980efec0c84f20a
arvo:34655,True,1,0,adc60f3b7ce77bab498c79642b29b20f4dced19caf8520115fcbea79edb9a74e
arvo:34691,True,1,0,657a26c3bc32d073678a692ef6a5dfd4735814ca5d573068bb06409dd1e68f58
arvo:34695,True,1,0,018c82404db9e7cfaa23ee1e2d8566370458dc782ff76e8d032e838b5bd825f6
arvo:34755,True,1,0,08c6961ef8551c09f20290f57c78f0dcd08086b7bad174594268bb1f97a2f83d
arvo:34863,True,1,0,f8d00a99d6419f9e1a3965bfc75c10a5da14aa6e3040fa5f36b90d6222b5f708
arvo:3497,True,77,0,554c3bd2c9c3bc0399ceaf98b2f35f1b71538bce54c8096d6c8bc304ad16f73d
arvo:34973,True,1,0,07b2376e3c3dd3618c248441e83e53c6412f531d45390f38b95489f1f8879fc1
arvo:3498,True,1,0,b80ea45c0a0773078b53121f401f92c87237affeba7750299f5e4f42f101ccf8
arvo:35019,True,1,0,c73444dab4afcacb4f4e1b588403190c969ccbbc64e28413266585d11e99f7e9
arvo:3505,True,1,0,89b0e1ed7c6c84e29ab6379b0eb50a16cdebc4b7ae9e3cc914f49e8cf10c4dd3
arvo:35086,True,1,0,f51767b2429fa9ca7f35698b430eb0c92c0365c616a12fc83f1b65dcd4189f8f
arvo:35109,True,1,0,81c8c2ba391d77299216657c31db46de2b4355f787c7b0c8e02bb589e002794a
arvo:35140,True,1,0,993635b8284099ae98d998ba267e3f90f0d086720a51370d84ed9da44e961737
arvo:35165,True,1,0,678bb28dcda330e17320ac8b55f985e4d7d7b05904581913fad5a2ec8fb754aa
arvo:35172,True,1,0,eb1061cdfd753a6e81bc671f2988e306824eed727909bd391f3757a9030e2660
arvo:3522,True,1,0,1aa2c9182adbe933dc2868f476c7b01037fab4c578efd44455850ff5ac6b1430
arvo:35293,True,1,0,78e180c8bac217574d0159f5004e4df69c2dcca00b51c49012105b9f2823ecf8
arvo:3530,True,1,0,84cde4237d6dd74f8c4d38c188cf379004a22063f0c8ea4a0fda329618c2a4d8
arvo:35305,True,1,0,6d5e1cff1a093249c62444dbc3b553e1f17dfca0d301672aaf66acb743455e11
arvo:3531,True,77,0,821b7e10eb51b351cad352a5ae35aee39732064da84292f9128e7f1e48706b40
arvo:3535,True,1,0,7bb9ebc5b1647511f22672a0402fffb3907ce639c580b76d1a5164d3d7b5d7fc
arvo:35410,True,1,0,0c572ea579048b0d7d16db7ae6e9ba92a4fab52b2bcb14bec7edabeffd5b1985
arvo:35458,True,1,0,c853ac5e10f41675ac5717a1675ad8044288d3b938587fdfb20edc0276904db6
arvo:35543,True,1,0,feda96eef3db32dece509274ccff4ff37ae3ff41c0efc798b95c848fa43d4142
arvo:3560,True,77,0,12b811eae8347666c85845dfa0a75c7d3678e9c3846b090ff55a0dd4a94eced7
arvo:3569,True,1,0,116d8720444feeffbdb1316a7b1521cfbadd6658ac2af5619753d7d0aef967df
arvo:35727,True,1,0,b7129108b9878fab681f26730b3ddbd35f9fb6f5ba59419f30ad031777f0574e
arvo:35876,True,1,0,6260b13530a07b8dc58faa803de8ccdd5956299dda0492ff39caf596dfe9a63a
arvo:35902,True,1,0,d6dfeb4923a23b81b15e0c58ed3ebde6254b4ae1a7f736fa3f6f8a54cacf6751
arvo:35925,True,1,0,080a9ed428559ef602668b4c00f114f1a11c3f6b02a435f0bdc154578e4d7f22
arvo:36025,True,1,0,7607efcf60fb95ef2ffbe6ff002b37af6848700a8715e922deb84586fbee48c3
arvo:36158,True,1,0,a03ba120ee324d2722e7d28b440460e5436e6742a035613806ae5505f69e9b11
arvo:3621,True,77,0,5ee005a0f8ba776150c493b7f9a518e4f1f916a120281084a1983b2552563841
arvo:3630,True,1,0,3dea1dd7077117c2e645b02ceecd451966ec4504cc3c4c276e1db191fdc8786c
arvo:36464,True,1,0,69e279700fb9412659e761ec651880daa3d42a7fd67984d8dfea8b604a09f8f9
arvo:36476,True,1,0,3ac27de16a989d96cc4ad64bc155975f450deb8af5efbe8bd7f4f904005a7342
arvo:36485,True,1,0,e605c5d23317625c043468c5dec4413199aacb42ad624e103a57b995170e093e
arvo:36497,True,1,0,7c38b1ac51d59ecb08d7eb3859a55b1d06efb5bf3325b8a71957b3571c18396c
arvo:3658,True,77,0,a0b4f11cbfda1b50469936e1c5d3f1bcd9f4c0adfdb2c7cc4dc10567523ac82d
arvo:36611,True,1,0,7d29fc515b0b5f6a00683ba4b85e6ef86bf000fc54df5b4193b1ca998fe28615
arvo:36793,True,71,0,e2103ab0c9349e0aeaa20f809c20223ec965ee61e3d917308ad0fcbfd94a2155
arvo:368,True,1,0,1f8236170d5d1885913fc53b6a145fcb0909587d8662a35736c750828f43a603
arvo:3680,True,77,0,1727ba3319ec2e7052b6b84caa28f27e0ef02f610987fd4afc86380ffbfae680
arvo:36861,True,1,0,f652c24dd3424dfea947d7906b1f27fcb585c8625238e8712b5202622f418d9c
arvo:36908,True,1,0,6e340b9cffb37a989ca544e6bb780a2c78901d3fb33738768511a30617afa01d
arvo:36911,True,1,0,7f08ff8cc59d19f68f099760e0936520d927fef5563dbf8212a367bd1dae884c
arvo:36930,True,1,0,e01942ad0c4c66d784616d483b43df19f23d34700c77d3835f2c21fc7c123f6f
arvo:36955,True,1,0,f87d455d166e0a296735854101bc11286101e3d483a05149f09d4a967d111001
arvo:36999,True,1,0,bff85f560e1bce10e4f08b2b3cab522b8ee54d3be72c154aef72660191c64389
arvo:37056,True,1,0,3ff421649b184c4b460dd1d244f9c16ba499b33b65730510fc8d056aea439a4d
arvo:37151,True,1,0,10908852765f6b1acf5cc63327456779e2884459ca8578eb3514672203572f99
arvo:37211,True,1,0,1b19e35d18f205a18049cf4c235d1474723f8b333ab46223b000eb2933a7dc30
arvo:3732,True,77,0,08ae645119d4c327e737da447bc5fd881ea44b9eacd8f54cd398faf6d84148b4
arvo:3736,True,1,0,3308797ef4d910d8f0a041cba2ca1c218e3735b901f3c05cc193016502d68a1d
arvo:37443,True,1,0,0a1566ee3e3c42aa1d2369febc4eb661782589e5c0661d8935cd55b9f173678f
arvo:37575,True,1,0,cb738b0b1105424cc718dad687cc044380751450f79b84cb0477ab4c8c01be4f
arvo:37621,True,1,0,09878693547cbb36fa3ebbb94e27ad0978d0704743324cafd5a3ed1c4e13a429
arvo:37687,True,1,0,e1326160a68e229f395cc381ba2be4f01e6a8a2809ca811eee41e1cbf1e65fe5
arvo:37896,True,1,0,38453ab95f28d3acf8b221643953b94da6d241dffbc966b9aa99b540d842d51b
arvo:37925,True,1,0,408b50d23d523130bae09db737926837a94187525bf632a165966b9139c32ea0
arvo:38050,True,1,0,b580fcfb04132929773aa8bbf6e54a10d6304d411380e68b406c312b2305ca0f
arvo:38080,True,1,0,b1670008d698cd2649f78d614df729cfdbd98e2f1a3ab1dc50261d0caa769896
arvo:38148,True,1,0,69f2686eb2e3bcf67746245cd8576527b9a78ef44d4f9a58f0a570d48274b4a5
arvo:38156,True,1,0,2fb08f65ff9c624f76f62333e76d5ec18fad4e12e7401fc9829c4ffb10115551
arvo:3818,True,77,0,3228749e9c3dd3c64c2bba6f3685a955b6c2d76f911626fb5f0f3f6cb7b29a84
arvo:38251,True,1,0,b09fa6b3d63e82815b9cfa248324b290eac102d715134855af4e0954735654c6
arvo:38283,True,1,0,71d6b9c6e021b03529a022697745d16e7b9e9fb942fdb42ff3cfc6b576ec5bad
arvo:38298,True,1,0,3cc1deabf534bfbb768304525f4c86af3f6da09cb872b4ff1e613ecd8924f4ea
arvo:38307,True,1,0,0a856a6a6791ca32cfd6c408210ba991743c125ac38a989120085d76daa270fe
arvo:38347,True,1,0,e97b819bc9e657b47f1f26071bda6e0355817e94a5f63f80853c12ba38e70950
arvo:38355,True,1,0,91369c88a017d31fa5418844bcc2a654e5cd457ebc6bccfa32a7908711d56322
arvo:38393,True,1,0,7addb9a4ff256164b9e33481b720d95a91ced17c8a42d20c032840284e9cf929
arvo:3848,True,1,0,36849cc0877bf34980ba58561c5d87b7a5f201e09e22e71e1ded2b7fb85d50c2
arvo:38587,True,139,0,d84a7871320789532338c3c7cd4d5e40b3efabcf49687df077e6c2cee8a92f2f
arvo:3862,True,1,0,97aabc73deb368eec8aec1ab4dee2c77d76280e224d7d6a7308ae74fe4e99ace
arvo:38751,True,1,0,6a6d5cf32155375d3865638451bf29a10fcaab33ac7204c46da782897b612713
arvo:38764,True,1,0,6bca769e5e0a8c3fbded7fc8c9c40ba274dccd73d0fda87ee5d91d37949b4fa6
arvo:38766,True,1,0,177ecac9d8cd67b0a1b087c1bd52d2630a222a2dfb75a9fb661fe9687ace1d3e
arvo:38815,True,1,0,2b661ff4ae9c8d766c6c9d6f4723f802dee89c52ec546c4f713c18f8c4c0b4bb
arvo:38870,True,1,0,922786283f1d182d14490472f4fb367f02a245a5e65f4ee36f3d1c93682f8fb1
arvo:38872,True,1,0,485185abf05a327a076e4865f0f2e8a072ba415d8904a0b5c8b8895b2fd046b4
arvo:38878,False,0,None,
arvo:38924,True,1,0,534f9261a55a313023cee222ca8d531f407c9a728cf25dc03e1362523eac3007
arvo:38943,True,1,0,c259bf3e13f07d635232e8ae8d567361e205bd082a2cda7a89841b5e68d91a84
arvo:38947,True,1,0,058a5b7919d6955c495ca381133a434299ac08b84ea56f5f78e51f5efec8c29b
arvo:38952,True,1,0,7832f651ded5d1e07f41805b1ed7d30b826618ae0d67904ccca486206a5be28f
arvo:39283,True,1,0,7b058f1c3f4ef8b36527564a6fa0dd61cc625737402703c16631f16143423ec4
arvo:3938,True,1,0,2d711642b726b04401627ca9fbac32f5c8530fb1903cc4db02258717921a4881
arvo:3940,True,1,0,a2b663529a4c7296af5a52e6808c50102901ba2de384a7d410bb3f98df2742cb
arvo:39481,True,1,0,74eb62701b3985a5c81cae68ea9fc73cf7415b7635a03499be6933cb03305a74
arvo:3956,True,1,0,8cb18a72b7ac2328120c49e4943af01ea6fe09223e659bdef1dbe44227df1bd5
arvo:39689,True,1,0,44c972cf27fdc07052975d4f62744f7f8ef98d2572c99618eae61e91e268a806
arvo:39741,True,1,0,37872c23b7195c740665906c81c7a2e80fc3a1c3ccee1424e73d0573eeff5887
arvo:39800,True,1,0,558181ea170c2a30a7804911b21769260d8ec81bec8e702ac793119b528ae4f7
arvo:39802,True,1,0,7eb70257593da06f682a3ddda54a9d260d4fc514f645237f5ca74b08f8da61a6
arvo:39897,True,1,0,4eef0f99fec70c09c0f96d1fb4e9650c18663ff79df1347fa517a9b5251a8f6b
arvo:40087,True,1,0,e39451b370c9530eff03cc9305aebb425cf1b831ace4555948abd6b02d261d7a
arvo:40160,True,1,0,7b7989a6944786520ae6ba2679ef14d851f7852f635b3e50dc8a8ad87f943a95
arvo:40317,True,1,0,7c3b19349f5f0d87a1100baac19c3e54ffe756b762bc9e5de4dd42e6b221ab9b
arvo:40363,True,1,0,2f5f2f30cc2b54dd951e3d9213f0ad47d74d59fea1d1bf269dfb25e524e646b9
arvo:40465,True,1,0,123e7d76bc30d327aa9737d9af64c3c11d0e353adf1daa71899b028bfb62ef4d
arvo:40508,True,1,0,07f52ad60cf0dd76043d7fb3690cb63c183f644cd158349b5e549a0299b3dd1a
arvo:40512,True,1,0,9edd07ecc83edbf4f04a7523b0748776e99ec9033e86569aa90eb69a202f0d17
arvo:40540,True,1,0,4701410a627c0a48a08d17ef914ad3cb91473e568ed65ba35a5c833f2f71365a
arvo:40544,True,1,0,11d7b520efb02f8eab86c82f6e27140cb5d2c38a278a31fe585eff04df1a857e
arvo:40617,True,1,0,d2dbfaa2e58c8485562c1748c5c1b084bee59d856fa19dd2734fd16a74ada186
arvo:40618,True,1,0,1794a5d19dab5f51eeb4ecc85c72ef9d2095d305603b612624447aa4bab66295
arvo:40620,True,1,0,f229dd1d5634d9c3008b39ecff3441a7de1ae7eb4ada7c1330f7fb2057866419
arvo:40623,True,1,0,9a73e218be9b75893f469fe8e7c3792d53e51374332ff304bbe4315c8adf26e1
arvo:40674,True,1,0,e60a88d5f4fecdc5a0a8f3592ef41cdeaf78843134769d5c517e604d3fd9541f
arvo:40683,True,1,0,911fc06a82c5582c7d4d30ef6c61f8a53b0660b4368b2bb54d46d787033c59de
arvo:4071,False,0,None,
arvo:40769,True,1,0,fcf4e14f6bce31766357229cc294114845e64df5994a67d98e015791e9c7926a
arvo:40851,False,0,None,
arvo:40933,False,0,None,
arvo:4097,True,1,0,65e4ab90216894ac5363c1894dced77ab63f0b54538cf5d81075bbe4d6b356a6
arvo:4099,True,77,0,a954eb95049e427d3f73be53af98b5758fff50403be2a336f3ee3d7f4a45fc34
arvo:41073,True,1,0,17c74dda2341bf2b45d483e5fda3b4f6d0d95280653ba2e98c2005aac622d35c
arvo:41143,True,1,0,c42224dc590cb010d4410a1c6132fec5dbbc5041f5f500df9843d4aae6294952
arvo:41221,True,1,0,75cae06abc0b8d44779e1c7db83c7a93064515f191012cf555677b0cd9cf970a
arvo:41235,True,1,0,6a5b31b86d7c453bf76989c6aaa5619c346e1d0e53f385b7ba397b446723e177
arvo:41337,True,1,0,a4273bc38dd9aec85afab295487d3c8a7667682708272c25f90aa849f5a1c969
arvo:41356,True,1,0,74d55571733ebfbd637d10924595ba317765a44652da94f78a772760cc0c0fb3
arvo:4161,True,1,0,9dffe4b4b37128245650f4a809b4b32cc65d2ecc488b139a0832e015cacf101d
arvo:42108,True,1,0,efefc0bdae8af507c8e9f16815b935846bda1bc7dc76adc9df4d54bb6bb067e0
arvo:42123,True,1,0,13bcb0e96415b0460ef4b614a9e95be78bf88cb5e4029527b4b44ccfbfd064e5
arvo:42179,True,1,0,b1b08133a609bdc4f15f819a02ac0201901c9a6e9f657261bfd4f027e721b8cf
arvo:42227,True,1,0,5c04be19aa3ef3af29319dfea7a736f0a1601aa3ba65e61ebe7ac768aa3983c9
arvo:42238,True,1,0,2d4cdab92b836c8a18e433e3470bec896bf0f248b6cc7ae7027c34511d247e9a
arvo:42264,True,1,0,faa18d8a8a33b8f7d625a1a70cfc2c9816f9bfe0e25be0343f989ac18768590d
arvo:42268,True,1,0,1b5fd73af1a82428fd26976ce376b6f9fb72cf79c97ce3babc12dbd7d1569f20
arvo:42275,True,1,0,f2a401faa992454af2c093293234f3cda39cee4e06d5a86c450ac5bc49071631
arvo:42280,True,1,0,fc2ae34921ee72232020f1d916ed3a6d920b5584cb7d1774a056b15a80f70025
arvo:42298,True,1,0,8a8e53cad8d527d8bc13c185e9c8363dc6bdcfb777232a961a3dfd0cbc9e15d3
arvo:42322,True,1,0,2ae30ba8c23eb5900ad530ccf9d40c4d7f01257b51c771c070a6c093ab016259
arvo:42325,True,1,0,b66e428fb5e0b06e1b96291372b92e0699f2ebcf1a50e2cf7cde02c262e6bf37
arvo:42327,True,1,0,f91c7950faf760b7f178b00ba111c4c5ee35d0cfe374b7c1b5369dd9311f1bab
arvo:42329,True,1,0,2e1c9ed2bad2ac812d4e212ff37b8a84c6833bcf62f205e8c11671f2b3efc14d
arvo:42464,True,1,0,e3667dfcbb846b3ead7c00c965377de7a021db6f02afce279e0a7cbaad3f51d8
arvo:42479,True,1,0,78d904b9fb041ceceeaf8fda7cb2654808e06e03bcb5ae1e128ab996c8d7c45f
arvo:42538,True,1,0,6e340b9cffb37a989ca544e6bb780a2c78901d3fb33738768511a30617afa01d
arvo:42560,True,1,0,c29b59aa0f1f44098d4009346ed5885d7e2c45e789154e5de63c847dc4257a9c
arvo:42613,True,1,0,72bab71b4113118ab71d9b3bff425ea134cd1232544e7519f7415852af0c27b6
arvo:42616,True,1,0,e6686f005edc24b3264f389b6facc7c3db249ae0cd8736c4eb6391943bab5f0c
arvo:42633,True,1,0,d9b287ad94c299ce37b32d4ddce6f17c2824b52e00c1a181d8cb041b2802479c
arvo:42639,True,1,0,9ef5a26336e881a74f554f48259cd2cb51b1c5672706a296b77337a5cfc8cc9f
arvo:42687,True,1,0,02ac46d4bee27287af4505da280f16c5d9c6010dcf4dea7814b34022971ea309
arvo:42736,True,1,0,b28fd890b8a5f31e891c9b4ad07d3f2113357fd1b0c13379d72487c0f56bbff8
arvo:4289,True,77,0,c1df64816648e1ff54c62712f30ffa391a2b3af9e9b442af99bbaaac496282ae
arvo:42894,True,1,0,099a77aea8cb572a8346bfb95e6dfded37e9463ea8081defdee3f64b63000df1
arvo:42907,True,1,0,a323504e4b87003734fdbcb5dea885fc16f3df7d7c59da7494092c3f41fca8f8
arvo:42917,True,1,0,48d3e7df31162f3b2122b3c3812aa67f3e5fc41cb3a3168069c42c5ffc80c541
arvo:42957,True,1,0,14ed0644109505fa0ec12d77714cf3d09e20bb9a28548d2146d9dbb5c8491ee7
arvo:42998,True,1,0,126a96ec99731d21ef37084cb58d1927073fdbfbcf77ed394aeefc45ff091977
arvo:43004,True,1,0,8a20808399eb08352da2c15caeebc257942b6feb518e31dc614b1e6e28c6898e
arvo:43012,True,1,0,a5d11ef050782707560b66720cddd7c36222bb172df62b176c658f58482a48d6
arvo:43156,True,1,0,6810fa2b5dbbae6001dc6a468d2051d705f87a1470c3063949aaccb82c3ecbf5
arvo:43209,True,1,0,7239bfc9f957ff4663db989712e7753c4c5c9b8afac2efffdc4a87b8a4c680ac
arvo:4322,True,77,0,6ad920707e29b9c271f087d09aaa2aad08fac51be34b13fbd4eeb674ad65a822
arvo:43255,True,1,0,f36e0d28f345d7a11c8e27bb6a1fed44c3914735e0b63fc810fba44bd0eee070
arvo:43268,True,1,0,fe9200c3506f3a2d11bb349e06606c6cced83f5f0a992bde1f34b1314e350f50
arvo:43307,True,1,0,c38313e944054791fc4f89cb3fde746a1aa625e49442c7ee3cf70a0a990e513f
arvo:43354,True,1,0,09a17b3a74957af1b3bcb2b608ab30c0330064b49959646827c532a1e105158b
arvo:43365,True,1,0,83443a057b8bd0266e113f73037652f87988f3b32b4b092972ab6b32769a3fe8
arvo:43372,True,1,0,c3db7dd1c9f558eaf494f8944e8c93787bfdd79a8d326e411db6507952b7fc57
arvo:43408,True,1,0,084c58b200ccf0cd98c3c05deac0adc0f402d75639f3242de65f365eba83d9e1
arvo:43414,True,1,0,853360a3e062c72409c53de8581e87fb6bf549a4f0327a67f5169ae9c819b583
arvo:43434,True,1,0,dd6da1ee7b94980fb945a719418777d9db25ca34f693bd66990ed19a668bb249
arvo:43545,True,1,0,63718161798e3a27f5cd00d2c95dc40940a632ffab1f3a12b3fc09990ee69622
arvo:43599,True,1,0,950be8c3f7395da5ff7564a48713e79dc1508b44933ca4c5bfc3ebd9af9d9000
arvo:43621,True,1,0,a78ef64eb8beb42d874ebdb83af5050074a52f66f8261bdb1f306156e358da69
arvo:43680,True,1,0,19994f32047960ebc014938394a7aa8420575bd4d7061fb30ea0e51740eefcd2
arvo:43688,True,1,0,4e8254bf220c128590354d883be49a21c933b4849dae99b63dfcbb0590028b6c
arvo:43795,True,1,0,0046c5c12333877f920b83694aa09f249772ec218602af1c0e4c6fa37d33fbf0
arvo:43847,True,1,0,c11c7b1297337aa7d3e9b2ffef142bf62ad032789760f6104171bf6f98865e55
arvo:4396,True,1,0,ea0b42030b972b9711bf6c2604379f2025bd7235e871efb333a6219aa0371dbd
arvo:43984,True,1,0,f2042534b8bc204fe8dfd74b48db97fe7e09f872bb183c2e1eb7954cba90a9ae
arvo:44008,True,1,0,0a27734b8416cf0636386184999a9144d8ced18a2fa56b5155852ec0450bcf7d
arvo:44034,True,1,0,43464ab48bb16626aaa1cf51beed7b9b00a9087da27c4ebddf45430ebe116f90
arvo:4404,True,1,0,5ae80a59aacdd3cbd23ba7c3a81cd89189b3fe9b72b2139d0a7e108da1d6cb29
arvo:44089,True,1,0,15e2b0d3c33891ebb0f1ef609ec419420c20e320ce94c65fbc8c3312448eb225
arvo:44151,True,1,0,d800e44625e27d185825b9fdd0a3966967b39aa9a33b194d7186eee9213df9ec
arvo:44160,True,1,0,505fc027f6c57ae2544ae275776e0b5741da55ad74095f519c5f405f8b242de0
arvo:44199,True,1,0,2fea99c4bb550a966fd1f3fb1a281b1c614982faba7d1819e375680be44d3055
arvo:44239,True,1,0,ca29743816564b6cce06c42e2bb4e182e2d96555bd98ab3b0cf76a63d05370d9
arvo:44258,True,1,0,1a3574fae07086c63b76771b9375d3c65adea34f6dc29b97a2f8e8e41dcb0c3c
arvo:44280,True,1,0,2965e51a8f0686c48a517988b69772692f02540eb4404e286fe936cc9982638d
arvo:4440,True,1,0,f90551486dee4314995a115b52af197d21b68aec723992a840d603c8daa0938a
arvo:44406,True,1,0,324be88c24da4824fc02213c9ec994114f0c3be3b8228c9098e1c6ec86779c70
arvo:44432,True,1,0,1329d2ab5050d8e8b7fed269aa78bb7d366fe1374ab8b5af8b42e67fa07307fb
arvo:44482,True,1,0,4a3a5504a9535645f6c7012c12c3bfdf23763252df92b1528007fe3719d44eea
arvo:44483,True,1,0,2562c6a2354579eb844c2a1f39b2a9cb310faba08e679586b166d21f570ebe15
arvo:44503,True,1,0,0851d9cd9c2dfc190c8279bad6c58edb532b363c3e8a6f87dc7dbb87e2574444
arvo:4451,True,1,0,6795eccd756637ba4c6a04b5f21e9843a5929bec5ab6284ad31ed246f97a789b
arvo:4452,True,1,0,6d4819a28f6a8d8f05bfc2a50a98d3de2b623b43b08dca02e02cc61e052eef4b
arvo:44574,True,1,0,a19a1584344c1f3783bff51524a5a4b86f2cc09356c9dbfb6af9cd236e314362
arvo:44597,True,1,0,a65ad92531edec2c6178384ca32c6d79cfebbede72b0762e6638e54263fae4bf
arvo:44610,True,1,0,68ebdc96de43fa43f86c7303a6576034efdc8ce17fa86a886bf0b8533f7ecb47
arvo:44659,True,1,0,ad54fc539586be957843f98b13278af7210aaced472b47b23d8ed5e8c10cb535
arvo:44695,True,1,0,3973e022e93220f9212c18d0d0c543ae7c309e46640da93a4a0314de999f5112
arvo:44766,True,1,0,cce77ee5b6b01c52641cd4d5f9f6c0b72e26071baa6e5bec3168dd635dc0007a
arvo:44779,True,1,0,192058aff57a95db5f8f2b11b6c41684b21c1570c567e0112d58a3bee3fc9ec0
arvo:44855,True,1,0,99aec82c173cf5efa39be7bc9223ffb9323734f90ae301e59d4b43ece9f88af4
arvo:44864,True,1,0,b42a615eec374dee51f7d0219dc786aacf6b47976325347f17118853a9e54c02
arvo:44887,True,1,0,75a11da44c802486bc6f65640aa48a730f0f684c5c07a42ba3cd1735eb3fb070
arvo:4492,True,1,0,a2605066fc1c56954c6d37721c78f520c48c8091a01220949bb771687b2c9267
arvo:44953,True,1,0,34c93681fae0223f529d77dcfcacbb911a512fca100ec294e7b5fe615845e7f4
arvo:44983,True,1,0,daad0fabe67e818bcf54214a2e329e436ccceb34fc35e3823e7d7691aec7361a
arvo:45036,True,1,0,1bb6c9531441d569cb90c325b1077a83fc804ad894f4633461c40f9c6b1d7d09
arvo:4511,True,1,0,8561fe3b64951b49d825b9c8c0eef6b6f183ec701e55c1b731747feea6ccd5ce
arvo:45161,True,1,0,b343d32297172060344d2fb7732548dedabb06efd9af22282d5951993d36fa75
arvo:45173,True,1,0,4153e5845dd5c46896b60e544a7b62a2180ac3c3e73d5a057c4bc61bff6a881e
arvo:45192,True,1,0,77a73a4e7b9e62cfbce6174b1bb978602763b720f063d7d38207a1a87376db98
arvo:45222,True,1,0,8e442248dd56617794c51fb5c59ebaca25d142c347bb3d3ce0fbbb882e6abd2c
arvo:45320,True,1,0,7ec539c56ad3a7b879f417fe96a0c19c0e17f1d2664772e6d383786d5822632b
arvo:45347,True,1,0,62cdd35795493ab7d17827148356beec7a18e54a863e7c11ad5b98017a7f5ea4
arvo:45353,True,1,0,9ed8d702ae1b2605d52ad6a1dc61d39d4e0907b2ec5024d733104f0aa250da9a
arvo:45493,True,1,0,a47038859e14fc85c7558b818a898445a033f40750bc9fdf1dae91d339f2905c
arvo:45523,True,1,0,b7e5d6dbeaa33c11838d27588edf68d23efee07ce7f71b0c424df33930be1675
arvo:45552,True,1,0,84d9abd7be81caa8948a2c74e3d696d872429a6f57baf7d13b6bd3e7c4ff753a
arvo:45568,True,1,0,0027b22c5491fb1d126ba5638c4d0b4f7a0c818fcad1e001fc1a2e6875701ea3
arvo:45603,True,1,0,8a9d3aa844b594d734ac82af5766b87b3efcacdfe47243870ca1e6a2330e8329
arvo:45822,True,1,0,256b3a86f4c3b8039845709a6ad384f335be911399c77f98bcdab18ea00fe04a
arvo:45879,True,1,0,bc6e9a663d821e4640acaec397e8779088a8619860ca3aa25503e98e21841652
arvo:45992,True,1,0,25f6f3e43f4b54f759a7c7614e6bca495cf877c3b59a2d3bce00bb996854dbb9
arvo:45993,True,1,0,1ba47733f6a5e8533a4a3f04822d61bc2a93853fd60e9698551298e83140eb8d
arvo:46082,True,1,0,f2159f997a03dc21725e990216e9dbbb4bb00da8fcebac1eb6797014a33b2661
arvo:46224,True,1,0,699c555de891ec7a9429a1ef4f27ddfef9c449a7983c17584150402eecb6cb48
arvo:46244,True,1,0,04557c854ddabcc352048910e47195300655f390b16fdf23d6b180a76d1e1845
arvo:46279,True,1,0,72c1ea7070b700133f050b3bf882a06854230f6c6465dedcf0e144c495c2f8c2
arvo:46307,True,1,0,5f6cd61003b1c5c0dc0d13f8984fe73d791f83b447a6180891ab97a75277d048
arvo:46309,False,1,1,
arvo:46315,True,1,0,c8ccde1f951a8bfd45e9f28f1ef4eb35e6e43b6f7cf42183594964de451f69a3
arvo:46323,True,1,0,999c2fe9e46c3b7f595bec4042bb3c83c32b76fd97387391307979420a65d40d
arvo:4637,True,1,0,141943d6da5346fea09b34cc97b9900f7986b2dcac2b8786f071a6516d7f6f53
arvo:46499,True,1,0,d8a06d917304fc344262b1effee61f441c689ba7c7ff318f2c37e8284883ecd0
arvo:46516,True,1,0,9217e95ad08a014ec9d3a945ac4e85f692abacb94a15f77a3ea0c72f5460cbc5
arvo:46541,True,1,0,a0fcb6bed96a8264d3df0b71fe893b326769d1d977ec3288055c0e1caf57dae5
arvo:46543,True,1,0,a14e0c4ed06c82e58c883371460685b7b128de671c7668ae0bd978d5383b87df
arvo:46615,True,77,0,1abeaf47f3af3275e0e856b6cd52ef720a9a9f96631cf68c8bf72bdb4dd585be
arvo:46653,True,1,0,0b02c4bf2e1a3bec6e17c4e1352a711977ccf624ba8dd92906e253cb30b9f840
arvo:46679,True,1,0,73b14ae310e8e57e7441a4af2f6af5730b2a17aa41580e6e1d16567aee1f6a06
arvo:4670,True,77,0,de188194b01a78947a4786d1476bb162d7cfb6ceccef30f5e49058ef74889930
arvo:46734,True,1,0,a95af1bf3cbeeb0f624779f8f596c00adacbe86af94484b3f2cb76e7af9542e1
arvo:46779,True,1,0,d8b9c0b9fad55e278fb0f67a1f0afd13712048ed5637d3242618ee4c586a0226
arvo:46847,True,1,0,b17aef961e27d8ef7e5c5d64e887fee15e337ade05f43e364abd2b57a86a775c
arvo:46852,True,1,0,d6ad51a5daf5c30f2facf2d10e06690a0b36b612f7ed285dad320fa61e0e9f7a
arvo:46883,True,1,0,26f924e38e646fa4910da668c70d82d2ff9011f13e4f088aed48410e10db225f
arvo:46917,True,1,0,941db3a3f05f3e6cc33e3e529954a69677544e73865afc9dc89ba07732af9b38
arvo:46918,True,1,0,7e1ef9031dbedc42147f552e454812a3e80410f2c10ea5c206c6ba146cef06a8
arvo:46957,True,1,0,b87f2a18851e2d1c1d4b3c416531f76ba7867d21c4e0e2b72c266b9aaa7e4c7e
arvo:47000,True,1,0,f748a1134ca8c36024a7f12adbc4fc974d063354f7fd19aa26a35aad5f21543c
arvo:47085,True,1,0,e101c680d560c5e06a02232a9e3689bca63d5fe45d6c03706b03437828acbcbe
arvo:47101,True,1,0,d1ee8c64fc94a3f186ae68f5dbdcdb6add0be36124fdde10f530caf422331d83
arvo:47143,True,1,0,61b0cdf97e38c61f62ce584950f4757b576b7dcf64c9b086571c41cc00c56d4b
arvo:47150,True,1,0,540aa6b61883d3d6d9a729559e70d9868cb859fc0ff5590f48fb29c4b71e277c
arvo:47157,True,1,0,a86a71d39d612fe17ca6f31c5cece339f6e7ca64b0a66c8060a9d387792043bc
arvo:47213,True,1,0,f83ab62a6b06b77efff572d24a3c0d33a55c2b74ea49b384fdb07578cfb55572
arvo:47392,True,1,0,cba788f26ccd9128c3ec1a50b16e677360dcc0b6e128b57b37eda3d40319a250
arvo:47500,True,1,0,19cad20124a5fba587808267e78cce57095f7ceee98ec1a62285fe5066d389b1
arvo:47512,True,1,0,1640f82c8b293909586cda9cff5845f8268ac9ffeb3e81372cc3b1434cfd60ef
arvo:47525,True,1,0,9fb6100e3dc4d0725e9b9a1909f5951fe132c7a52981b29883c8cb592ec0359f
arvo:47601,True,1,0,4a98b1821d7b560cd71389f3579d2bcdb5b60ef9609376f8f33a673e25846619
arvo:47624,True,1,0,3f010553329fc80cc8d1a7fdd9368664abe3ed2c9fa31c49daa1952c7a5799a3
arvo:47675,True,1,0,98ac7525c8d736e5e7edb07d55b3f599d7ac1f9bcfe498f544ca80dd8334f6fd
arvo:47728,True,1,0,40aefcf670002c9e06cffcd8e3999b7e3c51f3090a8c47e6fdffa37956f3c3ae
arvo:47730,True,1,0,d3a4a56dbfd9aaef089d505f14b13ba49f49b156a3ba90873da9f34256c1d8fe
arvo:47770,True,1,0,b08aa4be17ff218f971df31176ff5a0730d0df8171eeab8279d1bf24cfbdd01e
arvo:47790,True,1,0,787412510679d8cde6ac4e6fac9430f34b4668ac8d64be040c8839f45614ba5a
arvo:4790,True,1,0,3f95579a0900c8337664e52ecb0bfc6b1210d3ffaee8bc9e84aa6f2554709cad
arvo:47947,True,71,0,23392194e08bbbac2ba380c48292c8785fde7e1a83d8f41db315028bbf304f65
arvo:47975,True,1,0,1229464e9ffc9a18d24300f65941158727a290a395c43eeaae6326e3b43f6223
arvo:47986,True,1,0,cc14177975a281f78f4d3e78bb6bee7cf33950b87869dd11948499d4d30a73e8
arvo:48020,True,1,0,f2a66bde4f7b739e887d8297328937f87de4d5c9db556ceb2b6d3ff96aabd5d7
arvo:4812,True,1,0,051db8513ff7d8e9329955139fca1c801d54083670ce982af0931840d30ee9b9
arvo:4819,True,77,0,8b97fcdd06f8bf0f513367bf5eb929a3098f802f5c1314d4706e1a4ef032b031
arvo:4822,True,1,0,8bd23550db2ed148cc90409f820e2366499f7957ccd3da25b263d5e984d913cf
arvo:48305,False,1,1,
arvo:48736,True,1,0,dd8d69f25e9c009f1e8ec0f9febea1ea6d5eff1a52a73cd216b0c74d69eed078
arvo:48863,True,1,0,be93a39606c6798e3e163dbe925f8005d362a180a2cdef77ef757680deb78b02
arvo:48877,True,1,0,88492e4fe096b0a6da6ca379dd169d57f0e27a52c6add9ff516ac8b20bc2b1cc
arvo:48915,True,1,0,7049897ebc93efc8bcd913219ff22e3cde368365e27b63e6f5d976ea097a159e
arvo:48959,True,1,0,3d88de32d1c95bf5fee5a6eaf88adec25148da95e7cf34d8940cf2e350b72259
arvo:49045,True,1,0,9b1bad24cdcb403de03d734a919da4228be5e619cb5ab340c2686b8bfb4a8276
arvo:49187,False,0,None,
arvo:49248,False,0,None,
arvo:49259,True,1,0,f1dc9efc2e53bbf38bf787cbbfed627f410d8c1f19beda975bf8cf21e8483424
arvo:49269,True,1,0,db8336bdb1a4a3db339d82fb93854a308d3526452df70027cd7518f3ab062cf4
arvo:49290,True,1,0,f8f902ac2ac48037e4de29fe5c0da744bac16d93d78cfe0b7f118918065140f8
arvo:49386,False,1,1,
arvo:49427,True,1,0,20ba7861763927444225b5333f7d182a805bb8c15053a4651caef54fbe4ee0e6
arvo:49429,True,1,0,cb2ffb7a187379be515a5be5a517b80d0b3dad506b4733ba2a0325ad81210c0d
arvo:49455,True,1,0,7f2a70ac347bf7779eac29d13de687775b483e743b8d9084069f2e497dcedf20
arvo:49461,True,1,0,3619afeb19f4f14fcbcfc945cd8586665165e9e723856b8c10e5887b29dbe43c
arvo:49495,True,1,0,546d48adbee1e8a700f9965a46809de43f369d7707ccebaecccff2a670a10f30
arvo:49528,True,1,0,838938bda90e319220d86e2ef0e3f9e767a68a09ab3df7f278a123773e0a68bf
arvo:49542,True,1,0,66875b6470846aa6ee4e77456179362200b037f4430779c5739b5ef76c4ec617
arvo:49550,True,1,0,0f6b2124c7d93f02805b48101043f3e9af0f05521b858c4df2c1e6c1d9539e44
arvo:49606,True,1,0,ac4da0c6697eb6fc7eb78cb53420c820dc8827b34241fd349268bc2299bc4778
arvo:49613,True,1,0,3afbeeb8978de1c3939a8905950eabc59542ff1286dcae8fada91ae7b95b93a0
arvo:49638,True,1,0,185a3ba410567edcb8245c123436f70a393107bf8f096361767b6e2b56156c17
arvo:49797,True,1,0,43024b60cf937beaafb0efdfe39c7a4206b4aac93ed8c2ba978daf701ed46ee0
arvo:49801,True,1,0,7c86e29c13a9f309591ddddd14166f27481462e90295394d291e5a64f1178318
arvo:49901,True,1,0,d737f542f3c7c696bfc2c8c8999ec2ae36517e8821b761e161d56630ecbdf444
arvo:49903,True,77,0,2b21831f71442f84c534529d5737744b56987f4218a69bfcf4cdd702466a75eb
arvo:50099,True,1,0,ac0705faa72db0da44e5e393d07e30eb354695e9919ed4a5e00d4e58ead7d585
arvo:50252,True,1,0,afaafa650fb0486bea74d9695366cb7643a9699817a43aae2ae7625da30e4fc2
arvo:50267,True,1,0,15d41a804298a1ad0315d078f76194c1f914338243686942e1029046f3df7799
arvo:50305,True,1,0,c0858cbefe11074ba44d1f333600785a99a9374a87b63ddaf8375e09297e44bb
arvo:50306,True,1,0,6d005fcc11a7fc7b88b2cdf672748c4d8943f15f0073b41f783a2abb73d428c7
arvo:50307,True,1,0,ca6bf2ed4bb2e38683315657c997e4626739929a0efb7ef8671152bfdd2617d6
arvo:50326,True,1,0,c12d57ce83c8df7842888a1e029447708c52e7f992e56617dc41bcfd7154416d
arvo:50414,True,1,0,6ef00ff0d233bf72e7c4b985429ca1c0250096d655d08c922913821cb605b4fd
arvo:50589,True,1,0,f721ea68cc39b78b090ab486a0d12e5b68269ef733f5762143db428e0a98ace7
arvo:50629,True,1,0,b3b8a3ba92a8fdbe8b529172b1ac347468e89699879eee5630bb73bf06f6a030
arvo:50656,True,1,0,89917ea18139329857c7bd8d2495cd0aa7cd8848125ef3c74120c9f64b7e6ae1
arvo:50663,True,1,0,bcbd7029794109112977a199fb231cab3c8efbd98473a1b0a15b9f3bfe4a8abf
arvo:50683,True,1,0,8a25477bb9f04d0deef9c720b12d1ba54f9a1d9f0b55ddd0744a6664d597203a
arvo:50834,True,1,0,24bb48bcd6c5756baee8bc6da0a5472045dd7b0bb2e48b6912076dbeae85f8bd
arvo:50847,True,1,0,3b13c7c244f59ac77f268fe1a0900c3ef36a7658f72417aae19da2596d804437
arvo:50893,True,1,0,5763a05b69ba4a4b19548b928217769182e36efbe9a1ec18f2e7e05b66f73f18
arvo:509,True,1,0,e1d0b623057c8f3e66706e36f2122261d50348828389473c976d2a65528b5640
arvo:50901,True,1,0,ee57c44e97adbe28f2675ebc5acb09baa035f87c1cf3cee7ae098b46bef38aca
arvo:50957,True,1,0,144e7ccffadbb74d54e91752eea00dd55e0f75e451d0d5bfb5f67b559cf8927c
arvo:51008,True,1,0,8986c91907d00dab185ae3abed045a62e551c6420d833856e0b40f8739760623
arvo:51010,True,1,0,c01cc9f6fb85a63dde81d87131e358f7b29492f4a59cf64a9a0af8e27252e277
arvo:51011,True,1,0,6e4a2b90ab7c00e74c970a14cdd644eeef734e6fa0ef251caccf55c8e48b6515
arvo:51045,True,1,0,84a8e7895ea20d84bdaceeeb0fc55af2592aa153f46313440dfbc6fbfeab2605
arvo:51083,True,1,0,ca08f460eaa3b336f859d4d4d21987942cccb2d70e1fe22dce84e5f5976f6e4f
arvo:51089,True,1,0,1d6ed06cab0a19aa86ea5e6ab30297904a4b533a768cf19ed9256a90afd44508
arvo:51102,True,1,0,d5d9eb9f18589dc73f99c1b59fd663c163859838c873a92b2be8f682828ac395
arvo:51124,True,1,0,6e8588a4e33ab5b39e01fbbdfe1bf247ac1ea838ad9fb2b96c299b90a11b2839
arvo:51132,True,1,0,a8a9549ad0bec79d70b28b9424ca864b7bc59b4891b187b7dbf43640134863ba
arvo:51208,True,1,0,97bb9c61aceb7f39625c690facbbe5a4df153bf7363bb6329f376b0fcf4bfab8
arvo:51224,True,1,0,691518c56ec508a2186c781f23471a85e04b0bca9839b42ae58436cb5a84f635
arvo:51275,True,1,0,1da04ac112545ac0753e4802d43c6600b55ca7c14a45842ea28bc343a6aff324
arvo:51292,True,1,0,7b8bdbcba943545770ec52454d95bc0062605d2cafeffd8d03ee413b114048f7
arvo:51356,True,1,0,d877a7c46cce73663ad587f7b32106f8eb660c65761768c29b9404ccdcfda0ec
arvo:51418,True,1,0,1412d4d01cf36ac46da3695b597936a9f355aebda74c21f29a3790622f2af2bc
arvo:51498,True,1,0,56d7b531d213115583940e44d3e31a71db4f7f7837f613d84a17a4bb7e7b0065
arvo:51563,True,1,0,9b4531067851cf8fc47bfc3ea304884699b092815bbdb7dac61b163b58b6413d
arvo:51603,True,1,0,0a806c41c9f04cb2885438b817d59854a2ea6b98cdd737bfa71f9079a7ca9e4e
arvo:51618,True,1,0,f27e29aa5c3bf66d99128210ed4ae7f349eddce1ca4afdd2280d4c6e6962cb52
arvo:51661,True,1,0,9ffcfa5bfd78028c3497b30d05c811046c7eb4b7ee452f9f5ca3da673cf6e221
arvo:51735,True,1,0,054cc0ffd92473d91dc71e674f60d5c4a72173aa8c9f0c094db1b1db0300dfbc
arvo:51757,True,1,0,97b65dd195a5e0f662b05c46b39d20ea172b8a3e05c6f4b6659666342cb46e55
arvo:51799,True,1,0,46654cc5035fcdb7e6896c642d48c38c4d7ed8b673c1ad047e10cbdfb170b5a9
arvo:51845,True,1,0,095d436db848fd21a6d86cfc9df37aeb00e4b36657874016d313b710df478893
arvo:51988,True,1,0,1de3a74b5f16cf036238c637040424e073396e7f6a65830e4e716ddf83a67495
arvo:52006,True,1,0,a0a4d3ae4405f71cbf85990db4e54109357da056ae0240e4903ceed6e42fe5a3
arvo:52037,True,1,0,6fa0e932fc4215a6b38b80d4c09a8f0aec99f6b4076f29f2cc0982abe0712f93
arvo:52049,True,1,0,ab4fa13a1a7ac62248653a261f3c7e2210f02e5ea0887af6fd18b1b039978729
arvo:52066,True,1,0,bdcdde955fbda07307b230bbc94a1bea9846a55263dbbadb9e056ea841f15a01
arvo:52102,True,1,0,ec8495b247ea013d1f63ee0fb015bb967d2970026e8b107174a2288f0a78a6bc
arvo:52145,True,1,0,8b315b2f09f5ed33084bafcc2806f06a610b9a245c4d55cc33a4f0b3ac5ac332
arvo:52160,True,1,0,f6716a6f27f6c499db04845e3b79cfb4b408776880451944e6ce88b988167547
arvo:52175,True,1,0,6bfdc8f81640ec9279d332e12c9325eee7878694dc0600830ff56896f615247d
arvo:52195,True,1,0,4731ea92cff334c76a6e2981760df39fa2ef3230afacb2de7fa673371570d37d
arvo:52204,True,1,0,dcccb1563b78df7471dcefa0f4c65fe911514a137feded0037f225f528b4c79c
arvo:52228,True,1,0,f82918fbbccfed537898b622d235b62f284a71b22ef261f57604577c6bc33aa4
arvo:52229,True,1,0,267947053beb8ebf800f1e71ebb1c7250286baab5bdb485a62d2a080396270cb
arvo:52243,True,1,0,b6f94fd3f9aa035121d76e79a653cd4f274f5ccd077139eceeb3a293c4c99273
arvo:52305,True,1,0,e30ce08c68c3f1e6e793a5498101aed1ecfd11f1a59dbd788553f1ffaede9cfb
arvo:52317,True,1,0,cfd8924f8c081eb8e6b2c23ee6f90483771ba0b72b4945468dc2cf22f38581ca
arvo:52326,True,1,0,08c9f3d26d8255294fa37ef9f5a9b95aea8326d10d2174e584cc11a81b99cfc4
arvo:52410,True,1,0,e7d3a89c9e2930fbd576a1d0f82ff78ca9d65c7a40424dbdc871d70f70a60ee2
arvo:52430,True,1,0,de25cb42b9f2004034839e885c1691df3946b790061fa9e3168d95f8a2e62f27
arvo:52465,True,1,0,115b6a3a6fd5e64ab5d78486a5bdc20add81df973782e3f8ddfcd72f92708a09
arvo:52475,True,1,0,527424b73afb2e04922eca40c7543089de108b1f31b4de2739b2699a5be0cbbd
arvo:52486,True,1,0,309e394ab56bd4fab4edc6cc19dc3433241db73ca0c1aa59ac979b9621718933
arvo:5256,True,1,0,7b27ac8a345c0394cb35bebccdeaa0f6ef34f4a1a8653d6126af3e1dd5844d85
arvo:52634,True,1,0,0d6502d6cd118f2aface51b1f40482618bf0b4942765110419faec8c5f7d5d6a
arvo:52724,True,1,0,ed74c7494b8a8179c0fdcfa668c8d0bc15f74fd389492a7a4a0c626c4ecd2f95
arvo:52869,False,0,1,
arvo:52944,True,1,0,30f3c32acc372c21c1b34e47da372107884b4f391465b7d2bd597e57b851d4ec
arvo:5296,True,1,0,cab9c59fb837e91a57550a5dedc9517e4ee5980ee1b4b13d9afc53720b285c25
arvo:5298,True,1,0,0ba80777127ef83cbb060d09dbb2a74e21ac84717e5847d6b323bd280f1d6303
arvo:52986,False,0,None,
arvo:53052,True,1,0,54b0b42e52bf56b68b6d675bc1f2a97c5f9bd2f5ab2df05a1464303785ac0123
arvo:53054,True,1,0,5a88a1d15603e10172304e82a200fa2c3a38880d24ac8d333d181ad59a73deff
arvo:53080,True,1,0,98094e307646362f18f45cc86e8b1d9df1a07619ddb3c11e7b81a26fd58eb4b1
arvo:53118,True,1,0,0bf25d43354c8afe3b22d59d7c9fb0050c6d7d721c1c8fecf98a0dfa11f242f4
arvo:53149,True,1,0,9b91389263a58d3535f753e2592341097dc205dcc668e7e3821bc86250d412fc
arvo:53158,True,1,0,9a0a4f8d6d2155d09009b80afba3eaa3ae6af3073cfbfacecb86ca5b61578263
arvo:53183,True,1,0,6806ff8b35fb92be0a20fb607e7feb4846ede35689fa72f49d99e1eb35d3d225
arvo:53199,True,1,0,8c27ee6431ad75680a8f03e10ebc92b7da2082f83bf43b1776ca2f09a2002bc7
arvo:53210,True,1,0,02d79320230e834de17fbd34bc96d52d9145d309d3c806720c38b1a8e9c5b642
arvo:53417,True,1,0,dd388ea8a00da675400e8fad66a1002e325b5ec38035563ccc4a9704419f9c22
arvo:53456,True,1,0,77698ac73286a0c5c1dca75ca29f0d41161d3b7f17c686afd4b8b7fa9dcc4485
arvo:53483,True,1,0,9d7aa7dd79a756d54f2f24153fb5bc25791320c2d2228ed9532e65cf47c1e808
arvo:53499,True,1,0,70f4cbb187989266bb013913ab64a9dfce90865d3520619f8990465be03fa731
arvo:53536,True,1,0,8782040eefbb2b453b498b92a460a5936c199541efb3897b67e5298680c7352d
arvo:53613,True,1,0,7183d875c8d3d13b9f889ccdf13361dc62ed2b1935ec79006d9ff6df1d225333
arvo:53618,True,1,0,a15f88f1452b922088fe98ffe901a741c092594af043cb0e900330378ee3ce84
arvo:53619,True,1,0,2d2aa6dbddd756a7c0d7cc6a7193d57215669f3f6e5e7a7ae779d1ad43c7d44e
arvo:53631,True,1,0,1ad496ff06e75aa4533ca3fee983a3908d1472b640ffe94eeb4def4e233a5263
arvo:53666,True,1,0,464f8e21a26216e929ca5b34946b98cfe5f549610523ef96a65e89615692f304
arvo:53711,False,1,1,
arvo:53740,True,1,0,8313c33d0ba79159b2524db31be4b75ae42c1176ef6487d0807981f1c83f5cd6
arvo:53750,True,1,0,e56258a2a18b045cbdd3c593801309ea9d51b9d605c74f830b9ecc62a27bfe02
arvo:53903,True,1,0,acdf5f5604c227b0f1e90621618291bf1232a712a07a2ba5b14555f6ea23c061
arvo:53927,True,1,0,e773c7b04c153c70130a6517dd77cdf2ac97c5e27c517d04b305c36355557dbd
arvo:53952,True,1,0,cb3f2545012e7592c6e3c10df8e02e811d1fa7437ff67a992c50031eec72e294
arvo:5429,True,1,0,120ad1f88e2c9933835057340f4833db49e384cf86439355ed0c330d893241e3
arvo:54330,True,1,0,48e149f07a5ba1aa510e5a492a043f431484afa8dc7633e7d7add85cba2d5c16
arvo:54436,True,1,0,448cae672a35730ab9197673ea38370cb6a6439add51e1e8bf922f3fe4d4cafe
arvo:54482,True,1,0,f8ce45139ba729917c68bc88621f8ae52339c15050c7be3a1a224c42908ff0b8
arvo:54511,True,1,0,68c31682090b938a65c59c42a654e4b635c8042c07e052218fa66fb8b9be7a26
arvo:54625,True,1,0,e0a5e9ae3e062f5000150ee61c6d411f1e1c5fa52aca44012c41dc7b2e28fb7b
arvo:54667,True,1,0,337a4123f5bf25ca22b4a0616d0563ff23a332131127f2c826eced53cdf43722
arvo:54811,True,1,0,337107b5fde04634e3fe9fccda183bd934e84df8c82fa56e3dcb06eecc4f5545
arvo:54839,True,1,0,3289cfd569faa8ceda66d8055aa61c99f16c82e87682d4f07dd070805fa149e8
arvo:5492,True,1,0,738fb337f9da1c79d1447812fc0735ca1d3d26876f2118b7279242cf32cdb848
arvo:5494,True,1,0,6c58611b0b5b2dddabaafcf906946be07acc127f0768c4f3be657f8d5744c453
arvo:54948,True,1,0,8a331fdde7032f33a71e1b2e257d80166e348e00fcb17914f48bdb57a1c63007
arvo:54949,True,1,0,96a36cea6c5e54242c319d0b353f76decb03ba9358b6ccdf91dea37d828357a7
arvo:5496,True,77,0,01ba4719c80b6fe911b091a7c05124b64eeece964e09c058ef8f9805daca546b
arvo:54972,False,0,None,
arvo:55020,True,1,0,f8c001b1b8d2d521e2de97968b13c2267d04b71498a99d3161d9f4876909ab01
arvo:55146,True,1,0,a2c2339691fc48fbd14fb307292dff3e21222712d9240810742d7df0c6d74dfb
arvo:55214,True,1,0,32ba825d531a72051e721fa38d430f375e7d2e8451d7a8bb27f7a9f2166a9b85
arvo:55218,True,1,0,996fc4b738fc8398e316acae962db886381a574076b5f83f8f2cd3ca41eaf414
arvo:55282,True,1,0,92a6e93e6fb3d9de40b89cb046c0683e1553a7aac87f4a2743613eca09461b71
arvo:55413,True,1,0,9b1461f9bbe9fcc17cd09aa730e8b3d574b9d96bda25cdb45ca141ea5e273aa2
arvo:55430,True,1,0,0e846c77629dc18b3df497e590656516e2df322b442e3964f340a5166300776b
arvo:55443,False,0,None,
arvo:55556,True,1,0,7891133d5de2d3d9fe0770f92c1db08a9197994ab7a56e9d6a3abe654dc703b5
arvo:55587,True,1,0,120765b5e48333ff0c894fec35300f5bd5adbe60a376fb086b58fa57ce005fe5
arvo:55820,True,1,0,e751fe6e1f9d2471af15305298bc58aa9096198bc1ed1a76851692afe9b74636
arvo:55868,True,1,0,ff72b735f21cdf890c4becbcf2ac212fb5d8d2ecc2275f2900594cfd6a188148
arvo:55886,True,1,0,a86538cd4b85fa1b6570c5b694a85c4a26ba35b36ab11fe211991558a35b1c07
arvo:55898,True,1,0,65e88bd95e1239150e7e37bc9521a6c854888fada30223748fcbc07a5a873a66
arvo:55933,True,1,0,c78a71bd6fa36781ba05a17668ff5a64a4c724d963c9d9412d206040c010cb7d
arvo:55948,True,1,0,18e90953ef1950e664caa2982baa0282439e8df0bd50ab08d6e6b3d7827688f4
arvo:55964,True,1,0,85a18f0d101cf54a30cb8197809caff689a9d9efb594521262e513fa1acedf4a
arvo:55980,True,1,0,f10495b5e525d0ece62f92fdcafe46fabbf50660406e27641ee4702cb185786a
arvo:55985,True,1,0,86991588731a7876d7805e462aa5d0ddc3d68adcfc59d2b3e9e7b2d08a76ff5a
arvo:56037,True,1,0,380bd5f845667392a67324cd18e7139086514c0a9f7625c8daed1f8f6fba0f9c
arvo:56076,True,1,0,456d4f501e3464c93c0f970df3b89f33fa5321723cb84045494f2bba64a2181d
arvo:56150,True,1,0,9654d6bec5df1675be3923701dcd3dab41cf6bf2e6922608f6bc0965b9de3ac4
arvo:56156,True,1,0,6d749bf6cb90d16c56e7866139b0f6d313ca17402f6f69569e9e8aff88c1bbe3
arvo:56160,True,1,0,0689f4611527f5e56e8edf2a26b47c7219b5529cc84147f39e01698a6b7fd765
arvo:56179,True,1,0,1698b1e5512d4d6cc7fde582b5208e49d682b2d9e23e0a1ecbe505a00e400c84
arvo:56213,True,1,0,066fb9deeed2e86660a8319df54e1f0d9260530838eb31523bf1121821adae74
arvo:5625,True,77,0,45666f214c2b6801b235cdc0bb68e415396889f5009a91d5c8e524e30d00c81f
arvo:56272,True,1,0,9192eb8cf2a9dbde890a04ba23c9ce018b9355b3e3036427eb2347d0669e7f8e
arvo:56277,True,1,0,e7ab3d64d4bd509dc28a11f2e4432393e132df7c03f7195f7507d7a346c84559
arvo:5641,True,77,0,a5c376a6005a4a7e95be8b886a82d967c459c865e3e45a281c787a2677417784
arvo:56450,True,1,0,ecc1ec25fb4391e61dd61652526b192cf5d71f83a411efa4aa20901501a50a71
arvo:56454,True,1,0,b2fe178dce08410215b6d13a54cffa383a878efe5b863a6acf13b2a8fd5b39b5
arvo:56469,True,1,0,a9731d54dfc75f15dbd2bbfc1fb6b66d2f1d802a681cf4c0cb73e3fe1be05b9d
arvo:56474,True,1,0,e47fe568bbfc8a0b397317ae02fd9a2df93509480092dbd77d4c60d1302895f9
arvo:56513,True,1,0,e2ed6dd22c70a254368925d2c68eace6df4df2a18109f8a7ed74eb5a8e460cd6
arvo:56515,True,77,0,e0763b61453d978abc937cf42b91efd28d592e8239fdf557ab3e5312421560f5
arvo:5665,True,77,0,36438eb7351fa4a946def6ebba90eaa27a967152df4136323e79b08ce0a46da0
arvo:56682,True,1,0,f8079e9ed53b9a959a01e186258a9b34e5ef26db5ef54e06b657c22ef371d108
arvo:56726,True,1,0,c61fc0bafb553f88a581f1c4aebb04a2f2f71c39552f2edabb91b87ca92d2358
arvo:56837,True,1,0,b275f6e75e3e03c27bd12be9e365d604045165d1c6ff6cb00f637c1fd369bf04
arvo:56895,True,1,0,52c3688fe4b7a742aaee0f35a18d97545dab85368528f6972076eb90a10feda1
arvo:56917,True,1,0,93a8919af40dce4c07ea01c74b7497eac5e6de231ed7c3f0537aeba72b4265da
arvo:56936,True,1,0,8acf98bfa6b7863f572bd2dd7dc2fece2fa02cc4a09f040ff84b50d27c05b867
arvo:56947,True,1,0,8546fbf48d55c0dc10f85870f968a7f9d8adc2636f25bc258048e4dc5821c019
arvo:56964,True,1,0,1b4f6c3855030b56c03cfdb76b28462874a340ba03ecd9cdebadfcacceefdbfe
arvo:56990,True,1,0,372562dd4165bd3ff20e5c482041d9c780b9db019256b7be08f7c0b0ea875fb7
arvo:56991,True,1,0,d620df337144a2581b811ba498be2df7ae24d826df18447690a0964fa68ff110
arvo:57001,True,1,0,292473889160d00a83bcadf1915f2c52e31c2bb9e1b4e4296185b902655d5a3a
arvo:57002,True,1,0,a7a3702fe9b8bcf29f62473f0cbf5be7ababd121c891214e0a65def562f129f6
arvo:57025,True,1,0,addb7c0bb8b259c9482fbd607308e178b7d87ea11e8e2388a2ff858bfa2843a9
arvo:57037,True,1,0,93822d2559c2be69becca0e5208ac7ea98530322b4c2890d25b6122fc0d4b008
arvo:57061,True,1,0,48aa9dab8c2365ce736c564d1610d24536ae0e340304bd2503c213a39b129389
arvo:5710,True,77,0,3a56705e1427b8ae73dc0a2edef2a069cc86ccc56f5631382471243aa718f16d
arvo:57209,True,1,0,8dd276153e38553270fbc4deff78295627bf2b55578cb751e5fed35f75b470b3
arvo:57223,True,1,0,8738249c80b7dbdf55dcd0783bb5d18223c28a88a2955de1d436fdd0fdadf2d9
arvo:57234,True,1,0,a5622419aeffded714fb419e12083e32537085d0c330cf0264d268e99fdc3dcb
arvo:57284,True,1,0,194611ce7eef6e750838df5d3256dd4a7213e4fa3650d94e555c0dafa1eeab26
arvo:5729,True,77,0,0bc1ca315047ea58c93fd84879fbc829d31be68feb6b920d87e54a73f614c354
arvo:57317,True,1,0,b40fd6c1f05c0f6f0c6bd4c1017ca69911a41ebfcb85a18765208071d8a2b29b
arvo:57320,True,1,0,2a17f6ba03a2cad84ad8533ce62eb368b2b2a502e1652051e53c3b8b3e4ca6ba
arvo:57333,True,1,0,26e67dcf1e77b9fef8f62a62e6f671bee35861d9db5874b71aade45e45ec119f
arvo:57354,True,1,0,4a5515a82c0c92c443519586719e47bab4fae2ec66b475a3a954ad380a8fd52d
arvo:57369,True,1,0,61a3405c684320e47d1e8cd43e1884e87e2f8d42cc3028f66f3d2b42dbc2e807
arvo:57378,True,1,0,96253442f3f1a3026f8f9196a62cd96a7a674003b4d91981fc68fb531188a2c8
arvo:5740,True,77,0,a16e11ac320b041f44fd2d836aaa8d151b17a7d4105de36033c060c25991215a
arvo:57410,True,1,0,b77c6246c5c34928d6bd8890403e4b145e07f2d6ed3ad1a89cb70d548a899452
arvo:57426,True,1,0,b6138243c29eaf1319dc54650207d20c605136ac5b0de7defa05c793a487ae98
arvo:57429,True,1,0,75bdbbe0e7ce693146f361f72464095a791e73c2dde7f45fa5c0a20eb616728d
arvo:57436,True,1,0,fd0f6102345c59297579617f03acef6ddddd56acd354b7f57f6260821f817d80
arvo:57442,True,1,0,6417f7aa9d0fcdecb044a0d10c4f99e987c1da7e63f46a3133fddb5aaa231882
arvo:57469,True,1,0,9a484b45c866e92c0c9deb959c540dd3037733d8e84d0dee5144c7225ad4c743
arvo:57521,True,1,0,55c1181323d4c1ff476c54cab13b7e2e75c0a9136fc1cb07a376d31c4a193da9
arvo:57527,True,1,0,c198f0218f294928b6f4d29b2ea9cc4ab890c28e29c84bc4fa93ad1a2514d161
arvo:57551,True,1,0,4d8bcd6505ce6552fc44a19ead798472cd911eb810f554e5868b97bf3398a900
arvo:57570,True,1,0,354dceed901ae306156960893b0aa9910ccb7c43fae18d5a0551b30bb8895c18
arvo:57608,True,1,0,e9366140c4361a2e03a3cf0e17497e9937ddf9c903184289a3be779eb4276b23
arvo:57643,True,1,0,6c0944996f4731df04dd46b2841ad9045bf6f724a04fe0ce45da1fa7b861daa3
arvo:57672,True,1,0,0f1c65da7a6996f9e44293da11ad162b6f440745bdeaa195424b5f3070049ade
arvo:57722,True,77,0,d76810ac616e6b2ba29dc7960e63e44547e9efeed86931ecde9f385b29a171b4
arvo:57788,True,1,0,6cb9c76af71d0da4f9f9560dcbf222ec357ab85d89d34c0a4c7561e1abf4499b
arvo:57879,True,1,0,779fff37aa74a2f929b7465cdc195e108bb9721e0d6b6df3ae53a8bfe869c96d
arvo:57880,True,1,0,4bf92dfe845a17493778572e8e07f6c9ec86fc32f8be1af3519240d4a981eec2
arvo:57887,True,1,0,5a00beed97b30777fe6c7f40a124a8921c725e41f9f6e9b6dc8e1a40775cea71
arvo:5797,True,1,0,d53eda7a637c99cc7fb566d96e9fa109bf15c478410a3f5eb4d4c4e26cd081f6
arvo:58006,True,1,0,71dd60ca32e41f7f68dff9c38a81950588301c9c487978dcf86b9827e98c3016
arvo:58080,True,1,0,d39d8fad0c5b40e1d787dec5f04b71484c8191487c272ec01a32a7a6d9970ff9
arvo:58085,True,1,0,b400122114eb4b74e09ef13eab290309472fc7daf27e0ba2d019aae96409b7f6
arvo:58086,True,1,0,abf068e4f27402f0f75879cf208d7271d0740e1b37a12f1805399d349cadbccb
arvo:58190,True,1,0,a39a9ba47c6cec9db3c1ce1ed037a9e8b562db414293aaa3a3dcfe60ba110250
arvo:58262,True,1,0,866be21e82073da001fa8f328518ab5067c2efcb7c603048bc641226fde77f14
arvo:58278,False,1,1,
arvo:58283,True,1,0,e7e8fa999f22984c95153d9603f44afb05b66c1721c565da5e57c177b1a212c5
arvo:58287,True,1,0,f34993125b16679249dc683057489fbb37db300ac56c28af61feb74af50bf98e
arvo:58295,True,1,0,439ce7ebffc2f15e22be24a26599a0196d05ffbda9ed9127f7306e65928a3384
arvo:58364,True,1,0,82cbb96f3e83882ae3bd9134ab3488e03b71a4cf91dac1c118bc1a96aeb08b12
arvo:58405,True,1,0,456daa3829082bbf9ccf8e0dd98cd215d2d4a51dd26e26a547f9cad57d0016a2
arvo:58428,True,1,0,c9f18eebe2b5d355a2930145094d3b39e9b3420d0a680595a3b4440682290d25
arvo:5843,True,77,0,40771c245347c6e3f74fe24cf07a6eaf5d09f96ad0316af48619b4442e7ec916
arvo:58452,True,1,0,38fdeed218781567def45f57ac13cdae3040ce87d44ee8d517607735ecfee1ea
arvo:58479,True,1,0,afeac5b66aef8cf78aff55c00092eec89e06fa404d4d1964350f3cac1ee2bb46
arvo:58481,True,1,0,bcf4447bcae2b6e0341a69fa5f30f24c1f04d7d137f88525a3b68f606f6dff12
arvo:58553,True,1,0,7e30aeaadf6e4dfc350a03437783ac4fa84c0723ba31a0ca9161254a3060237e
arvo:5856,True,77,0,24fc15ffb69e9ebcc15545c6f9cdde5a4c4a200ff942f574874bef90fc9062d1
arvo:5865,True,77,0,75fa32e900e695cde4d3225e66aba91ef1cafefdffb0574b4ef6bc63d27ce0d3
arvo:58662,True,1,0,881fe2e192ea0e08388d19e532653de8b1aa4e962ef9ce78365c45008fc67b14
arvo:58666,True,1,0,90295b46e88cf2f964a2874dcfc76d83844d3e2f0a716951a0edae3d39a4c88d
arvo:58701,True,1,0,63de3d3b33dcdebf33f3dd8575b73a7e3bc15646cfa8007b9b421307f90ea54a
arvo:58770,True,1,0,8f8bcdf0fcc6445482195c0edec2ab2867b838ccf96b09644beb881eabd10751
arvo:58832,True,1,0,34d10b8dcf6a58d59b28af0944a1514a6dbe9b0e6f9e141cad793344a0686bf4
arvo:58932,True,1,0,284c4896d68df8d381f06e6ed9670cd31210d5087bef242ab230a921461a4a01
arvo:59056,True,1,0,e307f2aa74384d92d473d97bccb9d3eeb9ddd9d020f4a4214f8ddaf1fc94329c
arvo:59070,True,1,0,f507efcb5e19f0ce055a694cd365a4d7a23b682eb2b3892bfaafd47285129e78
arvo:59072,True,1,0,6abdea487327fa7b27a276e9b5e2657c817839c3aa1c86982effb6977958ed16
arvo:59091,True,1,0,3b9f1190994d241d74c9d267b2fbc2b9717584ccf2e49995f3a4bdf8f216a06d
arvo:5910,True,1,0,5f5d9cc48cd865113c27cf6d6ec215e5f6209fc6f878f69b67847d1f3f15adc8
arvo:5912,True,77,0,a3aece9d8dab3407342faf112cf30c00b704954cbcfadd9ab40c84223297729e
arvo:5914,True,1,0,6e7a516be89521aed79de136050744ce5da9cf6063c7a501deee45d12e6d6263
arvo:59148,True,1,0,4fe9161146788bca642fa9e7b60c8489f6d566617161ecc8323dae30c1441827
arvo:59185,True,1,0,25057898d290170456f5bd4630165d6b245a0fe379b684adc299df4bd1ddbc77
arvo:59207,True,1,0,1ffcddd0b4e64904a645d891b1de99f3850f6feeb2c991ca7be5403c49bc137d
arvo:5921,True,1,0,cee5e55599dbf58eb560c3390f250435abc036dc332904f98142ec5932855f5f
arvo:59243,True,1,0,3d80e60c4e685ef22e36056403113bbd3854cbffbd9a78d2f37dca31b146ea0b
arvo:59390,True,1,0,4f774736a9d511c1f7bdc40856432598deedf62f3941f0c23ddd9ce661b04ab5
arvo:59393,True,1,0,1095c79956a8d414a6115b865338c1851fa062154c1219ec9d07e1029c831521
arvo:59418,True,1,0,117d118cc32fd0d10bc87288ec3373eeb5dcd02b2a0db0cdced929ccc8951bf0
arvo:59428,True,1,0,34c63a5f398360a40bd00bf20c0f0beb00abb3d70bc86afd436bac84aee48235
arvo:59457,True,1,0,f8a362e64ea2a7fc25185175fe880bbe0993c6dda07dc40d6813f11f688d8161
arvo:59488,True,1,0,fb8fdc31e2ac12002a7ac6dbfc2cc21e06341ee41f4f13e427a245da04a581cd
arvo:59500,True,1,0,a13a68fbab12a020aa3f3a6ebd7652209d1b8611f1409c59fc09067a32d17969
arvo:59543,True,1,0,3f9c27766a480f339cf7bcfb5bc241648a3ee6ce8d3f7b25088728e68e7491cd
arvo:59576,True,1,0,13bb9ce5c61191bf2e7509f8b4a51c5fb361775e818d6e9ebff6880deb8d3f71
arvo:59591,True,1,0,23da2374d030e4a3890b6a7cf08fa25d9a392f1f9b4f00304dc23c5de372a4ac
arvo:59602,True,1,0,47884623a9f56ad2fcb64582b5d4bb93143166432adb3a4af0ea57f7c4da2192
arvo:59650,True,1,0,2c63340454ad6326326eff05522ee52e86350fb3fbf1b931b519cf1e87b38a2c
arvo:59699,True,1,0,306169be503757b0abc29aa4f745885f7f272bea83e93573194627cf9f404d55
arvo:59775,True,1,0,d5004da97e5b6742a4e872133e4ce8ea3acce0456c4bb21212dcec4df621e497
arvo:59814,True,1,0,4681dba610e3635ade73dfaf37a01dcd36ccff36327a5cb13d44a6b9ecbc32e6
arvo:59827,True,1,0,d6a0d7807287177a3119fd417c36cbd58763efa6c553555159600b9132f83577
arvo:59884,True,1,0,499231bd127d039e45e4919a453fb2c7f331b0472febdfb19c2ae79f05ff4e91
arvo:5992,True,1,0,98c5388067a8593afd03066c8fb4318b7922905f0463f2392182bccad10d0d12
arvo:59931,True,71,0,df612d9c492ba8f5d197ec0c2ec5afeee05ea838ed709420e8227fcb9985b7e1
arvo:59950,True,1,0,6a04ac72b3c77315f3cd511c704220f7f4a09539ae87f4768d3c45fa2ef374ac
arvo:60037,True,1,0,7c04806117250d4bd7a8b77f2e9c71dc71580bba19057ad0a280008af481cf62
arvo:6008,True,77,0,0bda8abc3de0244b8109f06f576840e7d04badefda32b3039967f3461af8f96f
arvo:60090,True,1,0,939f581ed8b22c8ce5f433fd69c8cb8647e34073ac74a0de6e64a163f6ee9a09
arvo:60121,True,1,0,75cf7714d52508ccf05bcab5f93340fb72ea1abb0bd45ddf28b0a128e151a92c
arvo:60253,True,1,0,b97776ebacc52d6a7a84c6c54c4c5356d3038fe941d3251d4286ebe78232c9e5
arvo:60262,True,1,0,cab97f03563771ffb41ad8dc21c0a0dde7469322e06da5586b865ff47f7d5a2f
arvo:60268,True,1,0,8815ac7b94d46220ab03b8af02a3cea90c6ab935de4cce43ed5aa31c24447a5a
arvo:60372,True,1,0,712f8a3f299b6cd0f9b9c8ec00823851d0d98d5866162eee6d7cee13be24691f
arvo:60432,True,1,0,190164c67016d5cefbc8ad9ec0240e18cfe127b300d4ed752d64f575d19e28e8
arvo:60506,True,1,0,3fba203c511c8c42533f4e72332d4d74142595ad2482ff32921897652fbfa007
arvo:60514,True,1,0,08af79e6da5ae785725d2de41e06a8568e9571f09dcdb5a6c9fc53235e182acd
arvo:60532,True,1,0,f7795a886aa97bc3aec8eb2cc8a2590afb3d54f956fb4087028ec0674f1d4e8e
arvo:60557,True,1,0,9d971c0fc1dd23ef1525961e23c06ceae39b35c58224d440cfabe59237a8406d
arvo:60605,True,1,0,7d680d95fb70389df353c4fd01a6de5ffbfd8e8eb63691bcc5836f831590024e
arvo:60616,True,1,0,0426cceb771b0526a2e8e09606a3ce7e6b9b51c4d38f30bf7a6ddfa0fddca5fd
arvo:60670,True,1,0,b9b2876bcffc1b353062cb3f4c7d3fba218bc65cec5a912fdf672589927bf4e6
arvo:60672,True,1,0,89951f268cc2d221bed13fc4750f0fa941281ec495d7580b6553f63c7a13c582
arvo:60723,True,1,0,9cd5efea81b74042d849a476f33efd4620210715fa8612eb3d5fae158a94cc8e
arvo:60728,True,1,0,abd4f991a9d324a68d1bb0a64d51daffb296696de95f21d2e7ee82aba744eb0e
arvo:60766,True,1,0,0f13e6dd92729cba342c8a1f101b6e34610536684295690384af8f4c3a0cb24d
arvo:60769,True,1,0,e8dfdde3722044e5da6c287b5193709ba3adac6fb7255f9461373eda1583bfb1
arvo:60842,True,1,0,d403152d40967d5fc2c6d39b669c7159ec160b40155546118dd70b854c0b4e3f
arvo:60971,True,1,0,2834e70b4779eed7f5b910ee5e03b0bb73ccf55596a3e0d51465f72b0672bb6e
arvo:60983,True,1,0,4aee42749494b0b280c6b83c58906e8d75f67f140ac206f2c5774883101e86f8
arvo:61011,True,1,0,b94bcd9ef7dcbeab23484e636c0e858de6fb26d8bbedc57e3ffaf73a8c53f39e
arvo:61111,True,1,0,30ad50a630acc533dc9df2db4bbe4e6c5753671fc25e0268de19fae73e6a06e0
arvo:61235,True,1,0,a22221f5f8b4599ce2022eaabc55b277f3a93afd7207d0de1c2329e915ae0a40
arvo:61237,True,1,0,92a621c8202160714ec066858966384de55b1f29f4ce8ad5576b84a77260204d
arvo:61292,True,1,0,d254e04580230876ebb53746934afe3acd0c910b75a07fd10c7939ee7ced60c8
arvo:61337,True,1,0,3c1e0ade0efe9916da8b6aec31f540de6402581ab33acb9f0ebe2537f0160360
arvo:61538,True,1,0,d0bf9853543d9e585c2a251172a0695c4b59ad6ffeba423f2ac96e79eda30e6d
arvo:61582,True,1,0,52ea4b7172c4a8b275796cc838e52ec883f19402966471eb49677d69d43c6b77
arvo:61617,True,1,0,272e4a83765d62d610471ad74b0bc8f0f16e19dcf76882e51ffa1db8ba9b1fb7
arvo:61675,True,1,0,37e6cbda764bddf742ecb32f3ac3d6b2983564622e9d9bff47c6ab84ec53d174
arvo:61677,True,1,0,a5df96da380acdf6f39ac5db6406551b41b5d98db415791a7cefab3197024203
arvo:61691,True,1,0,92725b5b6c6614d0d7acc3dced8ebfc6cc1cebf72e3512965307aa23295aa3bb
arvo:61699,True,1,0,8b4acb1443ecdb2ded9ce1d91a80ad6224c7a6aac670225daff389106332cb79
arvo:61718,True,1,0,7fa5684a7293f954d7cbe7ef9d0b64c5561148c413912d7c748a8a02f2807f3c
arvo:61721,True,1,0,3177513d1418e0c52f7fa8f31587dc59bd779c02e6c0ef318eac4a776b5c9d8f
arvo:61737,True,1,0,f31ab8f927a2f243a89556240435e4acae8e8b40400e4b7031cdf97c691015ba
arvo:61750,True,1,0,0dc6fb629a44c4b96e69a3132076ae3caae1ced4642f8fe29305f9aff8a031d0
arvo:61778,True,1,0,bd78ff936d6b8a05072b5dd997bdd1f7dabd25dfe4d1ffb089eea3f1e1d6ae73
arvo:61789,True,1,0,ef78dde1cb93e1c193728efa93980fe7006ef623af355771f284467bbe5b41cf
arvo:61797,True,1,0,6098fb6c871276d55f28c2eaf36c7677eb937935c0ffd89c02d5c5fd9d4beacd
arvo:61816,True,1,0,67d0ad8c67a82fc81fc31f669b24ba358da1808172871bc4e090323d418b4b1e
arvo:61822,True,1,0,64b08b90eaeebfe9f870d73bab5c3986313250b06db52c523190e74035b20f29
arvo:61825,True,1,0,3c269d90ddf03dfb46aefaf3d2e6a4d7aa29d0020fe85ed03fe450921e356b7a
arvo:61836,True,1,0,2e5db3e021f86808228f31a1fa3253a58f515350e53019b0a61d8b717ba35f70
arvo:61902,True,1,0,7b1ebd0a9a03411204496e459451023a0f6b261aacfb14bfcdcbed2ea35091d3
arvo:61908,True,1,0,3ae3353b943ae6c601b54215c6c6a786eb629439e58b0b239c231a678bbbe82c
arvo:61993,True,1,0,b48ed182f4ce33502a99b7812403697ebe927394a06aad6c8d77c1c0d992ba6d
arvo:61998,True,1,0,eb08a467bb85328f69145617715a74ca025f1b32cd5606641fc1f4ee95e54283
arvo:62033,True,1,0,aecf1ee3f54c848ce70ba96a0c7870c84237ceaa4304ca75da9a95911f6004c2
arvo:62087,True,1,0,d070ee374d5383dedcdf34fe9ecff8daf9b798f2d9ef2813fc564e9747fd51a1
arvo:62183,True,1,0,8227605d827ead817fc926f25e696f95c3803e95934c014ab994a3a6d8e19e21
arvo:62261,True,1,0,daae0e96faff22f63535b5daaea75907ef2cba9c2fc285024f1708044f44c1b7
arvo:62274,True,1,0,f4320b43ab0d406400b72ec509d901428b5fa103d6d763882bee8a9d01e27c51
arvo:62290,True,1,0,37cadd771e55d42964c809b72bd6f59909c182a211a117cf6df16cfbf655056e
arvo:62356,True,1,0,19ea0452a29e638fd778274a8d8f1814ebd09b2d1c167f3763708b0a857f6dac
arvo:62370,True,1,0,8af9379b5fd8880cbf533f39042f41c463e11a821df7d9b42c180c0ed97edce6
arvo:62388,True,1,0,169b96eb05af758a7f20760d9def70122d831ac46d65e9cf189f56fde0e380dc
arvo:62425,True,1,0,a7925a627806d9b3e951898aba41375a4a8b9fcf6aa3a08c5e1719c8cd888ae8
arvo:62432,True,1,0,587ccac620bd99f700ba7d6ef6fbd35da0773ecf9058afbfa90beb9c1b371981
arvo:6247,True,77,0,94d5c3e40c74c1530164ecb8aa7ec8609250709b161c863e8c06358b6fa55a25
arvo:62478,True,1,0,824bb5c47056203eba49a529b544e672d090024c6d0ac86511e19127bee1558a
arvo:62500,True,1,0,955aa73b674862cdb7d4047a926767674ca072084e720cad3ee2185cfc6a59b3
arvo:62547,True,1,0,aa5d7c2a51f78a10c29f119ad0a5f79cba0fbf89d6b1b905cbae9a16ff18f208
arvo:62612,True,1,0,ca7e5af14b18c1cc7731f72f1319a1c8ff756e6c7c3b060dd52757a445b7c830
arvo:62707,True,1,0,ad2b809438f0ba55c94bdcb20fd90c14884bffcbca1200bd3f30e1a9152c33d4
arvo:62752,True,1,0,43d121e765bf8350eb98a3b81d012aaf2bffdb4716a1c91a8999a2682283ed08
arvo:62774,True,1,0,cd26f5f5ed5ef4fa409a41505530c1573fdc74c3cefc24b9d2f62e47a40963d9
arvo:62822,True,1,0,b83e267bc1dc22f5454e1d04e07b819d1f07b87c00bc487f7ba75a12cf6da9aa
arvo:6284,True,77,0,4ff6ab670a58c14270e034e2090d9a432caa263a14e0a25785386b0c12f880b5
arvo:62886,True,1,0,9f714e61fe7cbec1b4ea7caa9290b0715b268adff8fef0a699e407f3eda16d77
arvo:62911,True,1,0,8eef4f82f2c2c9163bfac1aa72eebe8064fe30474e1f86f0b2a7a768bf0ec525
arvo:62943,True,1,0,3867848653d191dc6004365d15e4be8660d1b6a19583b56e4580082816336287
arvo:6295,True,1,0,78ae42d89d6b4f6a3ad65aa509afe1e54072782457d8bc6c40437ccf20db370c
arvo:62973,True,1,0,1eba5bb32a91fea92f8fe043089bcbe07e1109beebe14aa5df81ae9ba822f10a
arvo:62986,True,1,0,eafde60c087cad274851d61b933510f7ba24c2309e85d243ed49d9cd2c9b7f64
arvo:62996,True,1,0,1e12c546035f3627d755c332479eac969ff76e048980ba2681a819978eee5bda
arvo:63024,True,1,0,3867848653d191dc6004365d15e4be8660d1b6a19583b56e4580082816336287
arvo:63057,True,1,0,dc10b59254c3abb8b780a6daa382cdc6698d5cb9bb749842ecd9835ecaa5720c
arvo:63104,True,1,0,241f965485b2a4a2af47bd0e1a2832dc85761bc74eb8c018ee3abbbbee47c4be
arvo:63157,True,1,0,b585ef1615e930db0e503019f484d1158e20fdf92da953fcd36f3baea5a65c4a
arvo:63163,True,1,0,f426a175ab8fa89f0ca520febff3fae11afd68af23057b03648ef3b1f89f07c4
arvo:63179,True,1,0,21dfbb22073e12ab809dea3b645e4e55c5e850ebf7de64c7643bbfac5ca84b16
arvo:63186,True,1,0,b05d06ae6a05a2526a90259c0ba99813297cf92314c88c3c822239b2bf7b9828
arvo:63196,True,1,0,d28b341f33d0652bf525c9991964a542859a0a1419575763c2673e12f4796c2c
arvo:63314,True,1,0,f971ded31ec10d7e0555bb20b56946f8998e47cd416d90e6140bd9f3b3a3bf26
arvo:63356,True,1,0,826ac73686503d673266ffe2dcab67483c07ad8781a1f9dce61a424705e4dcc8
arvo:63357,True,1,0,7ec6ce659db6ab5b75a091cbe8e08fbcbbd6aaa7bb50e9f5971c6b0fa2799ab7
arvo:6336,True,1,0,10c82f8196e8a1daccace646623d64e38af82f416bbca7bf78bd7495bb7a67ca
arvo:63463,True,1,0,c03659619f719e9f2d66c80191b977cb1ae05f13be3824100ce68e8d88c2cb7f
arvo:63483,True,1,0,2497774486abb55885ff22bcda49280d468d18d3db18906a08da981d2bfcedf5
arvo:63537,True,1,0,455f568e8f132798ab763d2f929a67165e43d440b61398a4a012fbc70ea524a8
arvo:63564,True,1,0,003c3ba112696054bd5a2c978bea41238ccc86944997c557d4954dadf86c7fce
arvo:63587,True,1,0,0f07f261471c81979285020e746f497952d995a2641a322a86f91200eb599fb9
arvo:63622,True,1,0,7b12e379a26a17a93de0df652559a06272b92fab177fb1911176cef84d38d05d
arvo:63679,True,1,0,bf04f391e0032299ef631eba2a2b6b35a3a29413bc78bd6483119f10e120fd4c
arvo:63742,True,1,0,0ad04d9c77f366c37f5429604354fa43933914cab3ad05f155fbe9a0523a4ad7
arvo:63746,True,1,0,854e107e71efc7e0526685d912f5db15aee067605fbe12eb43190424ff54b5bf
arvo:63754,True,1,0,0d977bb27aced6f49e44a05fec814e1aa8f393a9e61397e6a7239606b7afd95e
arvo:63777,True,1,0,6584b032862eba55bbcd9fd64812dfcfc8223994650100f2ae32d1e3ca9fdce4
arvo:63790,True,1,0,a01f0457aaf38a9359a92970875b2a2cb829b09a6b1b77b74d4d8938439e93df
arvo:63824,True,1,0,a62bfa1c9655ce3c169ae835abc71e264b0f801f536b0db5c4cd20a1f90d6417
arvo:63831,False,0,1,
arvo:63867,True,1,0,b5b93e9e77835f579ed1aef695e7566843e5c04a9efc6281954980ef00c411fd
arvo:64079,True,1,0,61831b6e1cd63455998797aebb91ef39732fba47809f16e61d2af445f5bdb31e
arvo:64107,True,1,0,9fe90cd93d965e0f6ccde7a838c200e5217dfe07c2b03ec81addc161f3683755
arvo:64118,True,1,0,6577f4849e02e9497225ede2ce4a56dcb45fab16a1d5dcb4aa97ddd6bf9d4f95
arvo:64151,True,1,0,b21d94823cb7e2ac87207ebf5c32d03c5f74a537ff3e80429f20ec9afa7b2234
arvo:64165,True,1,0,4c95558877744397dac8ddff733e590b4c621b16a130518f7eee8e9f16858425
arvo:64166,True,1,0,211b7f1a6e9fa7717bd47b22a5a3db365cb09cd84f308181891e51ea6cc36075
arvo:6418,True,1,0,498390e8232ace5216566a79a6699d649fd52adeeccf5f6c21cc5f7c1629411f
arvo:64181,True,1,0,a4d8222ffdfce38a9e0a4048715267e65319eb4ae0040a65d0bf1be5ce1e9fdb
arvo:64215,True,1,0,87c3925d634e618ccc121f3a0af1f05eb1a552f21c818d9c0ca1b547e86103a8
arvo:6423,True,1,0,451c3744ac5a1f94ed2dc9d4407ae53fb0c8c5880708d266e1f75edd814da9b2
arvo:64286,True,1,0,d8ab8cc3eb4949d6e7e5820bf32334ad541603d8e3ced0e092e06daea6ab3840
arvo:64315,True,1,0,883b056d5c8075b4bd3cacdddf71f4c835d6c3aab24676c85eedf17616dcdfa1
arvo:64453,True,1,0,7a8d2cb2ffcbb34a765be3031a8f83e3d83381a6cee4b5687121ffb22fbedd85
arvo:64522,True,1,0,f5f161ea6c372aaaba9783b3ed4bbb33bd9d7d0af7add7a7209164bea998022f
arvo:64529,True,1,0,cecc13af43da9a070ea35e2bef90a69f3296d7127ea74b11a3be8a8f6c6c1c47
arvo:64574,True,1,0,ace26f5615daba0a62baef61e58b61a54aa10ec19d707ec7615a703bfbfbee45
arvo:64622,True,1,0,230558b0d25cdc8788d46f12cbacb7576ec114ec01a29bc32eb90b76a5bea640
arvo:6483,True,1,0,44b5ff405252d718e66da32f4edaf41e3e5ab966ab1a2855608361aa7e32f702
arvo:64849,True,1,0,ef1191dc1b08dd279a8c7b5d88c594c8f42f68c0a02d16de20de079dc423fb07
arvo:64859,True,1,0,7760480df1265427ca9c26fbf49fc49fe43490c3d0476590506eaba267137c87
arvo:64898,True,1,0,30d049e46f79e78b2cf53a4337fa2b4395d6f630818ba0b0439298ccb3ec19a0
arvo:64945,False,0,None,
arvo:64960,True,1,0,e4ffaa60299ee06265d89dc30b8cd16a00482f9e6427fdf0df961c4c93f728f6
arvo:6501,True,1,0,5d9d99cb8e12b3dd57bfdd9406c3decd475b7bd94197280d16bfbe6ccafe5942
arvo:65033,True,1,0,37fc892d6036b53dae126e8718390c3ec396e17ddd06c93ec2e594ebd358a5fe
arvo:65135,True,1,0,453e4e3ccb80571793adfef3c17ec7ca9ae0c7beaec46ed91fc13ea635812c3c
arvo:65209,True,1,0,639828b1a7a6d9761412824e420932d9688ebe12d38b8abca403aa97ed4b1bf5
arvo:6521,True,1,0,4c003cd57996c7ab8898ab00c186cb051e38e670875f9e709594c97deaa6823e
arvo:65212,True,1,0,4462e9b1f26404f5c842534949261b740d5fcfa3d0358b927adb50719071e250
arvo:6522,True,77,0,03d485f34f041dac8e57baa4e5f24c9e63b0289ccef69bff9a13d9ff96cec5da
arvo:65235,True,1,0,7c8ea957e3739baf00b35cb0688b6f79ef92caeb869290e5bbf7d6295561014a
arvo:65255,True,1,0,1772f5ba4364ebf9c12b9d90e5717695f99bf269d44c133082d404c8378c1964
arvo:65264,True,1,0,1eb0d8d3e780942d716fe9a11958c46ddb2a2950c0e55666d277f688423d1e3b
arvo:65319,True,1,0,ae4113d4055d7677738b3db8ff9ddfea8a1d533cf9b95b189a6323f633a7ca32
arvo:65362,True,1,0,6a7b7291e5ca4695d936b2632d9aeeedc53a0cfa71da6b04b9d17ce6dbd5d4da
arvo:65383,True,1,0,a995131efa7b7a6040a7b4e42bf808904ecdd5a8968d5eff063bc7ba9892896d
arvo:65418,True,1,0,7a4741c1509c26ad01ce693a1629a91b3bd778d2a6abbbd19c313d250285584b
arvo:65422,True,1,0,574e99ae76b049951b52809f244d4c2d26ff5aa93967c7b09ced3cde84826e6c
arvo:65428,True,1,0,3965e22eac66818f92f1d47ef7b5cdc525218bd40db152e144ab35b5c01739fe
arvo:65486,False,0,None,
arvo:65510,True,1,0,e7c73a4528174780bd948b0c82854e2aabe5b316851195ef1d2911adfbc8e7c6
arvo:65518,True,1,0,14f756e496e3fb69d68506a763309b3dac93d25de96b7885d2748e6fc8053454
arvo:65519,True,1,0,851ab356873088096cdec2a336e9c85589b95fcd4dada1e952ef24dfa383991e
arvo:65530,True,1,0,4c0834e65b2c514fee18b29cc93a757e9b460f757bc4e2e181f8897735c1f8f5
arvo:65531,True,1,0,e861a7b3d4623d0bf28b933bdec44aef912c4dedefd24092832bea4809fd98ef
arvo:65532,True,1,0,0636f9fd7fcad6680e1fc319410557639f67203ca0b3619ae14e0246fd1aea9c
arvo:65535,True,1,0,722b97b66dbf59df8f2ebf5c01813c00f6f39ddbb0e888142e28958ecf9ea1bd
arvo:65650,True,1,0,679227deee93cb954b991f70f89a509e936f0d6ad67459df5b0241e35d74f7a7
arvo:65765,True,1,0,f9852062beab74a70e3f7979d9938bf6332484a7b2e3d990e440638e3e07170c
arvo:6581,True,1,0,a53041fe29492025bd818485036aeae750709aa0dd24df68034521134110fc6a
arvo:65820,True,1,0,f29afcc1f6b6dac0d525f1f6116afc636d3f27864e4dbba5b2162a856163e009
arvo:65864,True,1,0,d559ce1e90cc1ce87fe40ee95b352ac0402feabc8f84203078dbeab8880d28ca
arvo:65879,True,1,0,c160be383f63b5e7482fe0e2f74c36be66a913ee3b25963873debdefa1b1b909
arvo:65933,True,1,0,cbd7c2def8b784f0be67844751dbebfa9b38f165f12934f410b945fd6043b9f7
arvo:65960,True,1,0,ae6d16708c4072336496e351df91d11e23a56f62e67955ea9491e19a1357ded9
arvo:65985,True,1,0,2550243589e9eebae8ce46f4cbc9ee0aca9eca478eb4ed9f1ae30398b833a16f
arvo:65996,True,1,0,511aa466769746b03716d5a034379809bdbc06acd07df4991146d8478606048e
arvo:66005,True,1,0,d395fcdeb5c979e33ad248899e19387c77b7117faab0890f2b291dcf64794a03
arvo:66012,True,1,0,59f482a37e018e5a3795aa50b5fbd7387f59d81da033715dfb115ccc8176ad08
arvo:66031,True,1,0,30b4d310d39a1e605817c0cb2ff186dc3afcc658ba57790babfb61ed9b9a31d8
arvo:66033,True,1,0,1604c93f8bf0b697d1e878af0501b58f3fb9eb356aa5d11cd5dd92bb1a0958a4
arvo:66040,True,1,0,030b0d686bad47823927dbfa8452e60d9e341a62b0982176b2d59cfdc1bed6af
arvo:66064,True,1,0,1d71566f8c1984ae3386cbc49dbf4f374b1470bcfc7b70aca445cf0e4c9937e1
arvo:66066,True,1,0,fffbee2c10d5ccdb62b7e6316383b12c112c0463130bd199b6adc10c26834b75
arvo:66079,True,1,0,611aeb4c73cefec3ba3f9c99ad85c1e010149a9965729b2daacb2b6181ffce30
arvo:66108,True,71,0,67a899326e6b3abf3142c08664e3bdcde095fb4cf76fa45b8a411970fa027c65
arvo:66123,True,1,0,62d7005503ea4a8fa4032b04d4141dc49c7500a67bd330a0c1385c03f7313f2c
arvo:66154,True,1,0,f87b01a9b2eadf576d5a9bd302b70fa2677a3d2185141dd98417c8500c45775b
arvo:66196,False,1,None,
arvo:6626,True,77,0,504814b637c5062d251c5ce4ba33e0b4616ac3b59ef2c677bb544567d60e82b6
arvo:66279,True,1,0,935a26902c0a332d5e53ec11ce3492806830f71709190f04b8c932d4f0e6155d
arvo:66287,True,1,0,985fcfd36464ac554f7b43a992772a0a6de8b3ddda2677dc56e869f4f763394c
arvo:66311,True,1,0,6c0e8d80a915ce1ec0f0991f4814ddbf3baa1b4cb41cec7fcd4c8ea5a00c67ed
arvo:66349,True,1,0,46286ae50f1fe8c202857fd3c14cb48f8cc6eeffb91c7cc18ede2827f431c3f3
arvo:66359,True,1,0,626a2e84577246450d716ff860cca91324b46a125fef9583238fd6caf49c7b04
arvo:66371,True,1,0,79207998c4a21f98e8de169861ef81c0c1ff2846310c1de1d7638250ced7004f
arvo:66415,True,1,0,f48c5c6450dc834bea930a8f967dbda58c48ec32181b3fb00a860e15f874e278
arvo:66426,True,1,0,ab1d56910e27e667c0e56cb8fb42b29fa91bab8d7b2485a7debb2fdcd4a5b2be
arvo:66446,True,1,0,f8f80e9feb85c52edf1e6a965201fe28c427afa7f063fe31ca408a6dfa2fc55c
arvo:66447,True,1,0,550349628d9947ecbb866ade70b259ae0af70e96e486393dbb937149196cbf06
arvo:66480,True,1,0,8520511988a7397a1d7ee86f44c0623f3e0f49c0524b8c93603561ca95320f9b
arvo:66502,True,1,0,d8f8c474eef92270c175c8b8601a715543fe6763c3c35932c087fd66f5047db1
arvo:66627,True,1,0,ce8769e71c62f2e9629bc0c65a63970f198369520f503d28117028a5437ff3ee
arvo:66646,True,1,0,0b624ff0fca14a0fcc62d2f58c1f8996fab946bcdc179562d15acc3e80a2e6a1
arvo:66679,True,1,0,c62c7a06c58628cc2f34a851e388cb5b2ff0d1c1389498f2ffec76347dabe44c
arvo:66696,True,1,0,2dee1a5c5d180bf26da8f6fd2fb8ab70c867fb27c38852295ec3639e04536ee7
arvo:66715,True,1,0,487494b66d30f3521786b7fd749dd58421d8513ffdc665c37fce6d3d4c80cbf7
arvo:66992,True,1,0,06eb7d6a69ee19e5fbdf749018d3d2abfa04bcbd1365db312eb86dc7169389b8
arvo:67043,True,1,0,3d58d92ad508d22eaed5f434937dfd9e47a89d93c245cf8daeb67331b780b42c
arvo:6713,True,1,0,89623de9013bd8b4ca1b0dc0a450b8dbe00dee2bf2dd5f7245ba39bc5b1d529a
arvo:67231,True,1,0,b4cec54e1e08689e34bd2f7ed9f92563f828f086283e26db5436710b586cb7f2
arvo:6724,True,1,0,939834d70f63925f8afb5a2495cedff3419002b48200889a2f5981ff55da608e
arvo:67297,True,1,0,af5570f5a1810b7af78caf4bc70a660f0df51e42baf91d4de5b2328de0e83dfc
arvo:6736,True,1,0,1c3741500ab62203b05c55641c5188f5885c0559460ffdad97169cf144e8b966
arvo:67552,True,1,0,0afba0325158842ebc558460a1a846daf4d2810ee607de201d658cf38eef5ee1
arvo:6796,False,0,None,
arvo:6857,True,1,0,70a47f38aa1c8fb2afe129cf897b939820597d26dcd88484f124f1215119afe6
arvo:6955,True,77,0,b281a43e3535770b00a4638be90753a02a2c4ef555e0cc8ef84a976980ed5b70
arvo:6975,True,77,0,68eb3e40277ddbf16aee8decc1c70303188d4178c4833f6cbec2c0489b834d9a
arvo:6993,True,1,0,de52c93d5d11554dc7529a9e72fba7b6710d3a3b799639f0bca4d68bbf0944c8
arvo:7024,True,1,0,00ffd84d19bab1668345c6dc37f4a12baccf3a587343d0a21d5848d57ce33c2a
arvo:7067,True,77,0,dda4cec140eb78a3d8db709833d72171b95df8631a270600f656d523a2c774ce
arvo:7105,True,1,0,ff5f185f2be98e80ee2a6f2248960359b43b676c00e58549b793b6818e9aeb5e
arvo:7166,True,1,0,5844e25c1687d25321824b6532bc0c561459d845ec4658ef4dfafaa639095491
arvo:7171,True,77,0,7cbee8e243d401d9b5ef8161d5eef4d1a5b79828ad42b1329e872fd5d630f5ca
arvo:7189,True,77,0,5f554173d4b819d4549f86c80287cdc808530aa50d30c3e84f3dba388e4091c0
arvo:7201,False,0,None,
arvo:7218,True,1,0,e7660941ed6a448e19da11bad35a5500753fc960e74a51e4ef47964bd9a16cf4
arvo:7262,True,1,0,24c8ee7d38a718941461dd2c110871a7339a3e975d50ed1bfbc828546c7f0a09
arvo:7318,True,1,0,652745f6ecfd67d64c695b75e1a56d17b4ef42800bfd4e839a52b016f94d22a3
arvo:7350,True,77,0,d9ec582229f9c20fe3f171f945e02a8bb3c93ad80011cf4ddc43af87b64a9a1b
arvo:7367,True,77,0,e001f730a3ab7c5a35a4850742f41f653e625c26553931c88e103732ea1d10d0
arvo:7443,False,0,None,
arvo:7538,True,77,0,4250ebae4e4d05c8fc6d4bd7450a2d3cf4a4926130bb4c46b3e15610c6a11d09
arvo:759,True,1,0,fd5f877f7473859f69a03d064648cac7cd4bfdea124c7fd9aa12a33d3d71d1e8
arvo:7738,True,77,0,f6223bd848da93f02c555938b34c88090713dc0fb9b9273a696f6138e4f03728
arvo:781,True,1,0,60b473bbd79815923877d2aa03570269b50ec6e2c155dc8d201a4ece28bbfc7b
arvo:7951,True,1,0,1db8fd46ffeade6840f7b4f9b026926335559c5ec3a3c0824b50a9b22fb32ac1
arvo:7975,True,1,0,c90c4de126bc05098b13072487de907df6b549ac652b755b444526d9dde996d6
arvo:7987,True,1,0,2afad7328e71cc680ecb657319ed182c52f2b5dfd01a3b60614d89324e5c6f36
arvo:8011,True,1,0,5ba3ac588a994523ebc3c10d2b7a159908216dfc008a5509bc497d594d4eba18
arvo:8046,True,77,0,3c595ae331ad5de1c1c08539128d86072fa4cf1e4fffc656a202b32456951844
arvo:8241,True,1,0,d5677d3500c9f7115119854df9790935fb18bb4b1479281cad39dd3d39458c87
arvo:8283,True,1,0,ecb2df457718fdf04d861e0616e1794b43412d666355f5d0814a24d1ad6d7f77
arvo:8505,True,77,0,8fcbd3c9a42a487d143dbfe7d69b5e1200f23a21fddbd11736ff9f8900e8a410
arvo:8511,True,77,0,21156652fe3306f4671ce69b161550ea9a0fb08f7d92ce6c867719a2bbd5059d
arvo:8529,True,77,0,e0407b96c6df53a8438cce858eec87b67d572cd5c707f73229520a97de981710
arvo:8580,True,1,0,7767d6f970d7d084b6ae981a5eda9ab581fcaf15a807f4151e273db97ff3fadd
arvo:8615,True,1,0,a18775114252b72f073d3965fc300403f0d442687612c4d4fab789446ac0b27d
arvo:8696,True,77,0,5cf92438a82886b156de5445ae3753f12c5f2aa200d4518a8dbcddcc8f7566f7
arvo:8727,True,1,0,c6db69d00678fe530eff3c290e1013e4c80d262c3311213ce93b6d02cc596859
arvo:8763,True,1,0,102329cb1ec063f83c0117171c35fc2a5986364aa55dec221ecabc99602bed02
arvo:8811,True,77,0,b2b8bc82e7211475d47690a84213416a03c7f5658a5c7ae8d3f46faf827f8948
arvo:8834,True,1,0,6b3622fcfbd08b7da82ad0c523093b41366d02fb5cd66bb7fe442c68ab64c92a
arvo:8896,True,77,0,61ffec5b3a9a4dbb4ac271ee21c33b8d776ce897b917523c38de2b9634109405
arvo:8903,True,77,0,b29a4abb49d58aba4d34e3c3a82ee30e9aa4210eaf13018af0e32112becbfe6c
arvo:8933,True,1,0,5f1317fb9d1185c52cb9ae22016fce27b546022b9d334cf0b803811323c4c78b
arvo:8944,True,77,0,770b0ab59381749bbaba9662aaf7d44d13bfd96cd050eda5b9e7bea6653ac089
arvo:8968,True,1,0,60f7821a72aa2e629319e0210cbd9c1438f67fcab61dcb6af6d168dba5fc7532
arvo:8974,True,1,0,1ef5c1a5f394025996c2dda0491a74f49fae1f9b7d9e889a85f9acdd924889bc
arvo:9180,True,77,0,610be695725bd6f6b84f0959318e66c01b5a91924f859732bbb334f0a4893510
arvo:919,True,1,0,17773f57a10bcb56bcc0d0da7bff3cb91d80f53349cbe391310a768f0e80e260
arvo:9230,True,1,0,cbc88f8761a4ef7b168e7db154f92c244739fa79b3c58be5477a602e988c05f0
arvo:9325,True,1,0,ac5294f4c20db62823dd2e0ef7eb14946f21216aa011a1086831e6fbbb2fa9b5
arvo:9351,True,1,0,a741be06ff0dcdea77e12250a79e8f9749440693cde0e28f6c8c5b327a562fa1
arvo:9357,True,1,0,937cb0d8a8b069f27664d6df8e13665a1f4db86223e1018d5a318ff21f89ae63
arvo:9358,True,1,0,cf09cc2369256742b73868b327ae34cf45ea437696a68844d3d970a4e90002ca
arvo:9445,True,1,0,5a24655cfcaab795dfa7c29f4d05a310c17bcfb63443764e5bbe4ce22ebda12f
arvo:9471,False,0,None,
arvo:9808,True,1,0,0488f16e5b3d2ca100e84128d6f33cd9f1be38459065dcc9ceb9dedc5051a6be
arvo:9970,True,1,0,069587ad04c5582938522d87621e1557d59a0340860222550f40db0c65d4f858
oss-fuzz:368076871,True,1,0,4f92564295523fbe7247ec50e92faae894f559aa19eb5d016192d226c8beb289
oss-fuzz:368076875,True,1,0,8ac93fe1d8543ba48479542df95be3cd07f284cc34f6470f359bca39ffeb73e0
oss-fuzz:368729566,True,1,0,ccb916eece4ac11596a302fc8a250ca92b4b13dc72960c317eafb628d072354b
oss-fuzz:370131946,True,1,0,62e891cc7a3507399d963d39f07590d134a453c33304fb4b0017e217ea1e6966
oss-fuzz:370689421,True,1,0,991204fba2b6216d476282d375ab88d20e6108d109aecded97ef424ddd114706
oss-fuzz:370775021,True,1,0,99fa72c95d4018b0f76898334dc783b3ceea8fa6fab95f615ba0bb9e96e1ef28
oss-fuzz:371445205,True,1,0,abd88d77833885e910d11264a7faea03daee7ffee3a9090d8793345404ab1760
oss-fuzz:372515086,False,None,None,
oss-fuzz:372547397,True,1,0,735ac018d36c71d46789cb4fd50c80da9b6712359016f3b1cde2f5cdaa98889b
oss-fuzz:372547409,True,1,0,0fb46a7d256b857b09df40edd08dddc6c26448d804ce9f990ed856fe87297f70
oss-fuzz:372994344,True,1,0,5a6224a9d007750ec1dd5a5c3e7ad44d2fa61cf1c3c5fdd8b5057ab981fcb7f7
oss-fuzz:373522467,True,1,0,bcca01ae4822571c7a8dd6bd003e1c3324aa976eca3c31e0309b69de04a5dac5
oss-fuzz:375286238,True,1,0,973aea07e0a1f831d2caeb4c3a6638f984faa25e681dcc50a03d441f262e2f9e
oss-fuzz:376100377,True,1,0,6db1e0e85a1662b36f2dcdd5ba0d20c0c6f584644739d4945e3dad346f51bd16
oss-fuzz:376726596,True,1,0,a98127fef71f9f65babf284c5e494a87fd1e82b4e11a5bdcc51575c7dabf7090
oss-fuzz:376728460,True,1,0,49691f29d77ab1678567eec9de2c26c5655b1de467d09eb43cf106230d94211f
oss-fuzz:376731120,True,1,0,c338d7c3443cc5c8a4d80322dd4351514901b5543718439caa4eae3f0551e1c0
oss-fuzz:377642312,True,1,0,ea7069f4840aa6e294a047b2ff0582e9fa77c80597fa3deaefef338bbe7aae3c
oss-fuzz:377977949,True,1,0,0b26a0a2fed5cd5c23b5c35dc86f8df59582bf8881012e1fd19aae3a1faf6387
oss-fuzz:378102638,True,1,0,6ac3bd295684d6c9eb74e782d9a1c46eaa27979a14f52f9036e043a018bf45ab
oss-fuzz:380327173,True,1,0,96eac3fb51552f609c6d450cf7116467ec47100be5d32eca26aa79caa50901ca
oss-fuzz:382721849,True,1,0,9c23beaac8126f13ef431a503e4ee842875b45a0a58f231aa4d8b65ea86ed9ff
oss-fuzz:382816119,False,0,None,
oss-fuzz:383170474,True,1,0,4df330661c223864805c381220b364e6b41d33f5218df494e748e467044a0d57
oss-fuzz:383170476,True,1,0,c0098ab613f74df03aa190a8cc5a2e900bbf33643646a43b5aa19bcc30120554
oss-fuzz:383187490,True,1,0,67a9259326d5d87d7b519fa78a09d984509cb107e02c8153712d5a104e194cb5
oss-fuzz:383194079,True,1,0,0b181145c68bd23336047bc4f47a264ee73555174a37a8d9ad10978e965ed6bb
oss-fuzz:383200048,True,1,0,c0fd3310451f60c5d430f917209338f915e1789c25406347126db048f1703e78
oss-fuzz:383825642,True,1,0,a94972b455833e1779b5fb0b41cc76772dde40862e484b43896a65c34a4a4a23
oss-fuzz:383825645,True,1,0,1acfe053cd1fc7806d71644e68c1283df4b4a25206711b73a4da5524a38d6011
oss-fuzz:385167047,True,1,0,6e340b9cffb37a989ca544e6bb780a2c78901d3fb33738768511a30617afa01d
oss-fuzz:385170375,True,1,0,6a541ac406d03f1e79414ba478e1f5014a4798b6ec11ee33181b6f97ec19a699
oss-fuzz:385180600,True,1,0,c67dc437472a9dd29fb3265a2c1701026b2344ac692669f751126235db2c3cfa
oss-fuzz:385742125,True,1,0,ac12da70ac5f874b0f580f02b6b046cf7a1660e9d903fe93e8ad48345bada4b9
oss-fuzz:386128938,True,1,0,7844317b05793fbf7d8c788fcc313a23d8171fc022e192ff289b172541ed1b53
oss-fuzz:386128948,True,1,0,429ad40e240c69b8657a4342edf73fdf89c53ddeed5304b1b9d6218863aabcd3
oss-fuzz:387317434,True,1,0,f457575d9e8f88ab8874bae2afc2948aa263822c1c0229f3cdbf82bae22b51f1
oss-fuzz:387777045,True,1,0,0487095af48bb7b92d4fa3af6e5d10008b7a22bf20e7b4700bdf2f560e0ba4f8
oss-fuzz:388319478,True,1,0,df31f17ed8d7044a5f44bb6e3fc1a75883247c48046dbcb075d0332f30c7eeb8
oss-fuzz:388326072,True,1,0,32d39ade43a98210e72d6a94dc2dbdd75da123cc9e69c01590692ccac6dc9d12
oss-fuzz:388571282,True,1,0,801fb82e7bd052866991d8dc367fed29a5a1a70b9a008bd38a7d906bf6b08176
oss-fuzz:388905046,True,1,0,603295c79d78e0df908a0b7b8ad8e60e4ae19d98ecb7e5f9dda05d278d19d9ca
oss-fuzz:389731913,True,139,0,6ebec18794989fe550b17be711c836a19ee693a5d8267667c5f0a4e7abc77ccd
oss-fuzz:42534949,True,1,0,0057cd2226ab586a702c5a4d07c4438dbd9ad5c9273ccff43bb9d5373a5b0470
oss-fuzz:42535039,True,1,0,370a43a703f054efdd6c9b4991fc79cdd58927561dd917759b73f0eaed65d187
oss-fuzz:42535042,True,1,0,e12285c53bbc476fda2d819beff9a3d836c02db058e6245eeae4ff9cf197c72b
oss-fuzz:42535152,True,1,0,4c025a93d9c6e79fe95db248259ba066fbff3bab436c028bee6c0f03028632c4
oss-fuzz:42535201,True,1,0,5189f602fc225b9028d2811f1f2a9baeb15ac085ef7f668db9f937aa6b816f44
oss-fuzz:42535437,True,1,0,220c66c61c959c62115f68960c8a9fa3c274823c876ee63c0e3abb6e4ba831bb
oss-fuzz:42535447,True,1,0,4054a0d6c28c29418edf3da813efe185c1b2cede37c812f3a956823e30ce6647
oss-fuzz:42535468,False,1,1,
oss-fuzz:42535494,True,1,0,227cd4b5e5b5b6b940aa0c6fe4bd1b9b764b97c25fad2c21d019bf0674c6bad0
oss-fuzz:42535569,True,1,0,0123826de4cd683c266dc5aa8b70c00f957dbc9b74128936756cfaf475612205
oss-fuzz:42535628,True,1,0,c1762ddd0aa557a01e377bdef1d3c2d6c353344cb85e77deb5c5374391c44c2a
oss-fuzz:42535637,False,0,None,
oss-fuzz:42535653,False,1,1,
oss-fuzz:42535696,True,1,0,58826489da4c996900456697fcb90c179bdac884a9dcb38dcda2731cc16fcb56
oss-fuzz:42536068,True,1,0,76adc9f18ae6257654b422160926e6ac5b548b65fb37d6265ddc4d81e15ad1d1
oss-fuzz:42536069,True,1,0,dffd8b93724785a4d0a33dfeef22f087d21bddf2f3ca87be29f1dbd9273ee3e3
oss-fuzz:42536080,True,1,0,28f7a2efdfbb051b9ac7da54fe0ea7f6d211f928e87af08a8462edac814ece51
oss-fuzz:42536107,False,0,None,
oss-fuzz:42536108,True,1,0,dd40c97be88b1a1da38270fff0747fd1a71edcb7e97055ac87298326ceb23c02
oss-fuzz:42536112,True,1,0,f27a4d6c500c17a9ae06fe8e8f8fdc8affd060dd9dd127a97d2eb1ab3db10826
oss-fuzz:42536279,True,1,0,07781ccf5c068a84ba6e6e40a964383b8f45787dc60eb7562bb62eae5f92cd53
oss-fuzz:42536348,True,1,0,853463eb4fec99de5ec805eeb8fc02196f13f3b83a5ed2ecbc7ea8382eaff465
oss-fuzz:42536363,True,1,0,348f736a4b626b3ca9889a19ca13356fbb4032cf0ee1ea4a0cc6d634974246e2
oss-fuzz:42536390,True,1,0,d2dc2c897653bb69d70e015bb714b9f9d39f8b369f02fa6f02aefcea880aec3a
oss-fuzz:42536536,True,1,0,3bb16282ba0adf40a2af6ace60c1173cfaece1e80d77025300967ef3838c6a49
oss-fuzz:42536646,True,1,0,f47296c2498513167e1b9ccdea8ee61e17ce0fafa53f4ef574e7cb70efd98140
oss-fuzz:42536650,True,1,0,ee73e9fb01123b03d013bb3123310eed81cc514f52d5a9c23337dcbbbc3686ea
oss-fuzz:42536661,True,1,0,33173699bad3a8b4a114b1b294853adb5f15b0408c60caac7bbf741e78a7c022
oss-fuzz:42536679,True,1,0,8693527afafa872a6b2fdbd183dffa43984d0f2953316d74903dc2fd797e14d2
oss-fuzz:42536748,True,1,0,1e36dd7575b6cd1e8771f5797459ad5f854a5f7a1b55e1bb740415a64005cd50
oss-fuzz:42537014,False,1,1,
oss-fuzz:42537128,True,1,0,b9cb760306336a507ef0c634909933e35bc196bab7cc0b6091db3bbb142e5c22
oss-fuzz:42537168,True,1,0,069be75b4b993e00e902ef8774899909a18c651ad1376e389c61d7f794894695
oss-fuzz:42537169,True,1,0,b079162d805ed98f67d5e8dc0c4615f438bc4c347b13df2e009f9233b6c7ee12
oss-fuzz:42537171,True,1,0,17341a2d508e9219ce0437bf88623b1c70220a16ad524c7b46c5af55736f567c
oss-fuzz:42537407,True,1,0,87ac616a29637320e9cc7dcb2c813c362b13dbc280b194e94b813c65dfec2c20
oss-fuzz:42537493,True,1,0,4a5c779e376ffd15cb0a3a00ece07e69fec14a575cf30e668a04b50628b91933
oss-fuzz:42537496,False,0,None,
oss-fuzz:42537562,True,1,0,d09d78bec472555be795fd403c151df2c655e3370e566d9ea9db3c46a56d4c98
oss-fuzz:42537564,True,1,0,62fe87eafee667c41fbd69b26051d5a2f8d11464a5791805016d2433577c0c96
oss-fuzz:42537569,True,1,0,7ba71d840acdc76b6e469c035161e38d2812235b5f0a702a8f641767d95ed9c7
oss-fuzz:42537575,True,1,0,9ae6ab1436a54ad5f242feb716d7736716fa1b51f1f44565c9c1d0696ef926ea
oss-fuzz:42537576,True,1,0,6366488442195c3707c0fb2ade2e47324a923706b153584668c9fa28b2ea9e4f
oss-fuzz:42537578,True,1,0,9a7e755daea8d050874b688c971511a43d0ed149540da5fb28a9a2ad498893e4
oss-fuzz:42537583,True,1,0,c508c1467edde1d2f3bc10e54d78fe991bd8410aa6b1c95a1b24c1e4a595f23b
oss-fuzz:42537584,True,1,0,c11772d773123f65c37eca1983a5f052946fb8fe74e5f4cc2e9c427735a35f7a
oss-fuzz:42537586,True,1,0,2dd5c17067da55d9ae35e8328d97bf161b52805cbf42a6e3c51f11a1f71939e6
oss-fuzz:42537594,True,1,0,1377b9b6c95fa338dc39e324baf0662012c8033fd06e061521081cdddaad1d8b
oss-fuzz:42537600,True,1,0,ba865bdea96f2ebbc42a95d47e11e75bba2cd36849c3cb44829cc7ca7661fc42
oss-fuzz:42537601,True,1,0,ef1b907c0f51129a34504e13443fa4c79e7cf6581b5bd07765fc8b7a552deff0
oss-fuzz:42537602,True,1,0,f299791cddd3d6664f6670842812ef6053eb6501bd6282a476bbbf3ee91e750c
oss-fuzz:42537616,True,1,0,37cb4d3a3931314145de41658891af2e795a96825d73cafec1619e922a926e46
oss-fuzz:42537629,True,1,0,3caad246e1368a7fb726faa12624c70a6804fa5e7c315b0dba3a5b1f54dd2a11
oss-fuzz:42537635,True,1,0,619bf72d37209d2587fb20c40fbb42bf9bda6cf0bdcf42c005e329e9b4e56d2a
oss-fuzz:42537640,True,1,0,e2fd9d629967982355a7ab2a7348086d828bc56515349634c442359889c51ec3
oss-fuzz:42537641,True,1,0,a887cd3a6f230ae17eedf66249d264a6fb1c3c0fb17565498e79b7c1fe3fa749
oss-fuzz:42537643,True,1,0,60e776d354cd62784e55c7e978062d4bb01aeb55181f326a5379362391633fdd
oss-fuzz:42537660,True,1,0,6bd35217d937a63515b8abe0c1e0cd0680cff2185a81223c1ac89d4f68d5384a
oss-fuzz:42537662,True,1,0,ab50c63e36d2c3825b0929bed7b1155f33bcdf2b7cc24950b1102d164f59fbdc
oss-fuzz:42537664,True,1,0,7d54dd9fe409e3e6bac71c20179793aebdd3d32740d312095ef5c8c8aa304b41
oss-fuzz:42537665,True,1,0,cfd0b89f372310dcc9b5c01202673b2d50dbd52a880ee2bbe4b5039d6d051319
oss-fuzz:42537669,True,1,0,3835b88cad36c45342bb0d7278bb5db00edc64a1ab3427634d29a605c3393506
oss-fuzz:42537670,True,1,0,74e4e7999361667bb100d644f059e79f2a736c6a0ad67d709d83455cadb3344d
oss-fuzz:42537683,True,1,0,d2c8e407d2dcec08f7ffd6b1c605620f96fe4fbd282af2fa3271df965779fb78
oss-fuzz:42537686,True,1,0,ae4a0e711ac98f03cbd1d4f1d99883b870cbe095993d219909686485f58be876
oss-fuzz:42537687,True,1,0,e14b576389192bad377c99dc23e5b9050ec00807aa304a2bb3d0703227e10a8f
oss-fuzz:42537705,True,1,0,c17c055f8201511a99f3efbb144ecfbead5e4dc75254cf192b3894183874fc22
oss-fuzz:42537730,True,1,0,90ea7d5a01b907cdc0d08bdbec6c57fa514e3d175d086fa95d8599acca08c9d3
oss-fuzz:42537734,True,1,0,a55eba1cd98c76d23b938cd3a5cb33e01d2f4ea06646c2afbb39699b15257613
oss-fuzz:42537735,True,1,0,ad27632ee50bd08beff998570531e033a8dcfa0eeac52be846e1a1c72ef93f04
oss-fuzz:42537748,True,1,0,b9bea310ae2c4b1f0f709f36157b9dcbdb93ee0f4cc4a5e56943c54439bd49c0
oss-fuzz:42537757,True,1,0,74898f108aadc0f167de9340888554e6759bf941803cd8b3b3dff9ddaebf1cb6
oss-fuzz:42537769,True,1,0,f40bfbeb722d243dbd351a4bbe4f9e1f83a26e257b0bb76292da28527ffab953
oss-fuzz:42537773,True,1,0,852b52f9fe486a80bc1e532ae7d3574a848f0c37e1205f33aafbcb703298ea4b
oss-fuzz:42537788,True,1,0,ffcd80cfd43df8e816a27feb96fc84fe59463d1a24824d5fdd9af88424aaa41e
oss-fuzz:42537827,True,1,0,b8ef52d8a6c0203547216cfa8062a02203e2309a38665efe26b89c8c1a1e33d6
oss-fuzz:42537828,True,1,0,5daef8a88ddd2f8fd49d9034ab63cfa7a29df9bccc590b5586eccae0bd08e9fb
oss-fuzz:42537859,True,1,0,633d593dbe97f961520d35a8f9f96417f1678ea1768d45050122650474b407df
oss-fuzz:42537861,True,1,0,e5742a76b17a9d2d98cbb0033c5f3b0ac9de59b988a0e05e35ee58ae61968601
oss-fuzz:42537879,True,1,0,d48d0b2129edf793481a8dd175d5671055b7ffe516d3c99a36765406f7d90679
oss-fuzz:42537883,True,1,0,1199ff1f5ab05e3bb9f139d18de95a26a35407cd154b16567b2ece1dff4c8516
oss-fuzz:42537907,True,1,0,3a4708ec8ffb4ab50abbe6d72cc0ed1bdcc5143eabb42a114a5465d534fd9078
oss-fuzz:42537948,True,1,0,a0794bb81f496ed60ebe8b28f8ba6c905c8e5df3ca6a04b848ee652447df1f99
oss-fuzz:42537958,True,1,0,ac789aaeea8b6da1a52158fecc9186c502084cc3fcef94aa7fc34d0d16880eea
oss-fuzz:42537998,True,1,0,3556c9fafa44fcef8c05d0a34858ebed8489fb02f1c7136a2a1e2c7d19397fe1
oss-fuzz:42538001,True,1,0,1effcb008784fb285a3cef0a1552d5e86e6e152197ce6a3cb67c05adc9d5494e
oss-fuzz:42538002,True,1,0,d965c5bb424d52a0ca94ad42e2fb7cbb3562350d0c57366b2a464851a40f23c5
oss-fuzz:42538037,True,1,0,2b6e71cc1fc1bf40ca6773ffcc43f3493c53108a27f5e67b4916d1f1d528ba5b
oss-fuzz:42538056,True,1,0,4cd3ab7fa1feed5d2d823a17b699398b56c4473485cb89c3c51c69cc2333a7f7
oss-fuzz:42538131,True,1,0,3752603c73ddf9b9f69b2a5f7fcb30b785498aff0174b91f5cdc19957ebe9213
oss-fuzz:42538169,True,1,0,bb493d5054f250a37488ac224ce36eac80a49188f828cb7ae2f90a4a35220192
oss-fuzz:42538238,False,1,1,
oss-fuzz:42538351,True,1,0,6cbe1f01968a2119ffbc4853e9e260b8055e758a7708ae5098f018f18214c17a
oss-fuzz:42538357,True,1,0,09abd32875aed20271c22ba7f871f340ceb9305dd05e4acf1a7fb1b500a9d675
oss-fuzz:42538574,True,1,0,385ee932125f393c12335a8d9f496e7933534d24301d36ccda56cb95163368f1
oss-fuzz:42538616,True,1,0,c02df008a7e4f0ec1f3b22db1c176ce27618a87931e58655527483e170e43193
